#filename,Detection_time_spent_on_frame (seconds),Total_time_spent_on_frame (seconds),Accumulated_detection_time_spent_on_video(seconds),Accumulated_elapsed_time (seconds),FPS,Precision (%),Mean Precision (%),Histogram Limits,HistogramDetection_time_spent_on_frame (seconds),Histogram Total_time_spent_on_frame (seconds)
frame0.jpg,0.0878379822,0.0878929138,0.0878379822,0.0878929138,8.619804717,0,13.4803636423,0.07,0,0
frame1.jpg,0.0868927479,0.0869477272,0.1747307301,0.174840641,,100,,0.0705,0,0
frame2.jpg,0.070704174,0.070759058,0.2454349041,0.245599699,,100,,0.071,1,1
frame3.jpg,0.0839457512,0.0840064526,0.3293806553,0.3296061516,,100,,0.0715,0,0
frame4.jpg,0.0722798824,0.0723407745,0.4016605377,0.4019469261,,100,,0.072,0,0
frame5.jpg,0.0937627316,0.0938162327,0.4954232693,0.4957631588,,100,,0.0725,1,1
frame6.jpg,0.0766912937,0.0767479897,0.572114563,0.5725111485,,100,,0.073,0,0
frame7.jpg,0.0892448902,0.089297533,0.6613594532,0.6618086815,,100,,0.0735,0,0
frame8.jpg,0.0755226612,0.075583601,0.7368821144,0.7373922825,,100,,0.074,3,0
frame9.jpg,0.0865417004,0.086602354,0.8234238148,0.8239946365,,100,,0.0745,1,3
frame10.jpg,0.0809423923,0.0809962749,0.9043662071,0.9049909115,,100,,0.075,0,1
frame11.jpg,0.0929537773,0.0930132389,0.9973199844,0.9980041504,,100,,0.0755,0,0
frame12.jpg,0.0780380249,0.0780972958,1.0753580093,1.0761014462,,100,,0.076,2,1
frame13.jpg,0.0909235001,0.0909870625,1.1662815094,1.1670885086,,0,,0.0765,0,1
frame14.jpg,0.079831171,0.0798846722,1.2461126804,1.2469731808,,0,,0.077,4,4
frame15.jpg,0.0900104046,0.0900697231,1.336123085,1.3370429039,,0,,0.0775,3,1
frame16.jpg,0.0775469303,0.0776062489,1.4136700153,1.4146491528,,0,,0.078,1,3
frame17.jpg,0.086554575,0.0866192818,1.5002245903,1.5012684345,,0,,0.0785,6,2
frame18.jpg,0.0772230148,0.0772799492,1.5774476051,1.5785483837,,0,,0.079,3,5
frame19.jpg,0.089325285,0.0893896103,1.6667728901,1.667937994,,0,,0.0795,3,3
frame20.jpg,0.0740318775,0.0740903378,1.7408047676,1.7420283318,,0,,0.08,3,4
frame21.jpg,0.0923549652,0.0924138069,1.8331597328,1.8344421387,,0,,0.0805,8,5
frame22.jpg,0.0787128448,0.0787772179,1.9118725777,1.9132193565,,0,,0.081,4,2
frame23.jpg,0.0911925793,0.0912535191,2.0030651569,2.0044728756,,0,,0.0815,8,9
frame24.jpg,0.0767628193,0.0768334866,2.0798279762,2.0813063622,,0,,0.082,15,7
frame25.jpg,0.08851161,0.0885704041,2.1683395863,2.1698767662,,0,,0.0825,7,16
frame26.jpg,0.0766372681,0.0766970634,2.2449768543,2.2465738297,,0,,0.083,7,4
frame27.jpg,0.0887522221,0.0888110638,2.3337290764,2.3353848934,,0,,0.0835,8,9
frame28.jpg,0.0782392025,0.0783051014,2.4119682789,2.4136899948,,0,,0.084,15,7
frame29.jpg,0.0901396751,0.0904113293,2.502107954,2.5041013241,,27.0211304594,,0.0845,10,12
frame30.jpg,0.0773801327,0.0776154518,2.5794880867,2.5817167759,,19.7768762677,,0.085,14,18
frame31.jpg,0.1024359703,0.1026754379,2.681924057,2.6843922138,,20.1818109642,,0.0855,17,19
frame32.jpg,0.0759784698,0.0762228489,2.7579025269,2.7606150627,,20.4258018475,,0.086,14,18
frame33.jpg,0.0893139839,0.0895709038,2.8472165108,2.8501859665,,16.2993691124,,0.0865,22,11
frame34.jpg,0.0821739674,0.0824283123,2.9293904781,2.9326142788,,19.288249989,,0.087,26,30
frame35.jpg,0.0896639347,0.0899316311,3.0190544128,3.0225459099,,24.7412429379,,0.0875,38,32
frame36.jpg,0.0774673939,0.0777302265,3.0965218067,3.1002761364,,0,,0.088,27,26
frame37.jpg,0.0901982307,0.09044981,3.1867200375,3.1907259464,,31.3166106091,,0.0885,14,20
frame38.jpg,0.0782525539,0.0785344124,3.2649725914,3.2692603588,,0,,0.089,20,25
frame39.jpg,0.094686079,0.0949409008,3.3596586704,3.3642012596,,36.8131044306,,0.0895,25,21
frame40.jpg,0.0784422874,0.0787127972,3.4381009579,3.4429140568,,0,,0.09,21,20
frame41.jpg,0.0914478779,0.091698885,3.5295488358,3.5346129417,,38.5900919343,,0.0905,23,17
frame42.jpg,0.0871082783,0.0873624802,3.616657114,3.6219754219,,0,,0.091,10,17
frame43.jpg,0.0944184303,0.0946940899,3.7110755444,3.7166695118,,37.8149032087,,0.0915,10,12
frame44.jpg,0.0795938492,0.0798690796,3.7906693935,3.7965385914,,0,,0.092,11,7
frame45.jpg,0.0968858242,0.0971470356,3.8875552177,3.893685627,,30.4114490161,,0.0925,15,15
frame46.jpg,0.0788588524,0.0791370869,3.9664140701,3.9728227139,,0,,0.093,12,18
frame47.jpg,0.0909228325,0.0911861897,4.0573369026,4.0640089035,,30.018979742,,0.0935,19,9
frame48.jpg,0.0812006474,0.0814749241,4.13853755,4.1454838276,,0,,0.094,16,17
frame49.jpg,0.0948878288,0.0951188087,4.2334253788,4.2406026363,,30.5912596401,,0.0945,12,16
frame50.jpg,0.0788287163,0.0791147709,4.3122540951,4.3197174072,,0,,0.095,13,16
frame51.jpg,0.091802597,0.0920990467,4.4040566921,4.4118164539,,27.8509261326,,0.0955,17,14
frame52.jpg,0.0801742077,0.0804729462,4.4842308998,4.4922894001,,0,,0.096,12,13
frame53.jpg,0.089958477,0.0902350903,4.5741893768,4.5825244904,,28.3292978208,,0.0965,4,10
frame54.jpg,0.0765125275,0.0767731667,4.6507019043,4.659297657,,0,,0.097,13,12
frame55.jpg,0.0885896206,0.0888391972,4.7392915249,4.7481368542,,35.172788131,,0.0975,13,15
frame56.jpg,0.0820346832,0.0822618484,4.8213262081,4.8303987026,,0,,0.098,18,12
frame57.jpg,0.0937375546,0.0940267563,4.9150637627,4.9244254589,,32.4588384295,,0.0985,14,16
frame58.jpg,0.0798066139,0.0800944328,4.9948703766,5.0045198917,,0,,0.099,21,18
frame59.jpg,0.0874145508,0.0876888752,5.0822849274,5.0922087669,,38.1144687369,,0.0995,24,24
frame60.jpg,0.0790480614,0.0793405056,5.1613329887,5.1715492725,,0,,0.1,36,29
frame61.jpg,0.0935446739,0.0939953804,5.2548776627,5.2655446529,,33.0348435145,,0.1005,23,28
frame61.jpg,0.0935446739,0.0941567898,5.2548776627,5.3597014427,,0,,0.101,22,21
frame62.jpg,0.0781867504,0.0785786152,5.3330644131,5.4382800579,,35.0045658129,,0.1015,13,20
frame62.jpg,0.0781867504,0.0787060261,5.3330644131,5.516986084,,0,,0.102,27,13
frame63.jpg,0.0934865475,0.0937636375,5.4265509605,5.6107497215,,38.9233576642,,0.1025,20,21
frame64.jpg,0.0810326099,0.0814453125,5.5075835705,5.692195034,,0,,0.103,14,23
frame64.jpg,0.0810326099,0.0815930843,5.5075835705,5.7737881184,,38.1729200653,,0.1035,11,12
frame65.jpg,0.0941934586,0.0946095467,5.601777029,5.868397665,,0,,0.104,19,14
frame65.jpg,0.0941934586,0.0947482109,5.601777029,5.9631458759,,36.1460283498,,0.1045,2,15
frame66.jpg,0.0849870682,0.0854204655,5.6867640972,6.0485663414,,0,,0.105,5,3
frame66.jpg,0.0849870682,0.0855709076,5.6867640972,6.134137249,,39.4625754618,,0.1055,9,5
frame67.jpg,0.1020993233,0.1025473595,5.7888634205,6.2366846085,,0,,0.106,6,8
frame67.jpg,0.1020993233,0.1026938915,5.7888634205,6.3393785,,43.3696166588,,0.1065,5,9
frame68.jpg,0.0883520126,0.0887718201,5.8772154331,6.4281503201,,0,,0.107,11,4
frame68.jpg,0.0883520126,0.088906765,5.8772154331,6.517057085,,0,,0.1075,6,7
frame69.jpg,0.1018120289,0.1022067547,5.979027462,6.6192638397,,45.7984406584,,0.108,4,10
frame69.jpg,0.1018120289,0.1023579121,5.979027462,6.7216217518,,0,,0.1085,5,4
frame70.jpg,0.0839419365,0.0843610764,6.0629693985,6.8059828281,,0,,0.109,3,2
frame70.jpg,0.0839419365,0.0844997883,6.0629693985,6.8904826164,,44.3100493902,,0.1095,6,6
frame71.jpg,0.0982573986,0.0985389233,6.1612267971,6.9890215397,,0,,0.11,3,3
frame72.jpg,0.085056591,0.0853217125,6.2462833881,7.0743432522,,0,,0.1105,6,6
frame73.jpg,0.1000958443,0.1005559921,6.3463792324,7.1748992443,,0,,0.111,6,6
frame73.jpg,0.1000958443,0.1006920338,6.3463792324,7.2755912781,,30.0694407062,,0.1115,3,4
frame74.jpg,0.086123991,0.0866756916,6.4325032234,7.3622669697,,0,,0.112,6,2
frame74.jpg,0.086123991,0.0868113995,6.4325032234,7.4490783691,,0,,0.1125,11,13
frame74.jpg,0.086123991,0.0868919373,6.4325032234,7.5359703064,,0,,0.113,9,5
frame75.jpg,0.1020709991,0.1026928902,6.5345742226,7.6386631966,,31.2068398553,,0.1135,3,5
frame75.jpg,0.1020709991,0.1028301239,6.5345742226,7.7414933205,,0,,0.114,12,10
frame75.jpg,0.1020709991,0.1029191017,6.5345742226,7.8444124222,,0,,0.1145,11,15
frame76.jpg,0.0840285778,0.084656477,6.6186028004,7.9290688992,,0,,0.115,8,4
frame76.jpg,0.0840285778,0.0848033428,6.6186028004,8.013872242,,30.7816862088,,0.1155,5,7
frame76.jpg,0.0840285778,0.08490839,6.6186028004,8.098780632,,0,,0.116,9,11
frame77.jpg,0.0997468472,0.1003561497,6.7183496475,8.1991367817,,0,,0.1165,8,6
frame77.jpg,0.0997468472,0.1005016804,6.7183496475,8.2996384621,,0,,0.117,6,5
frame77.jpg,0.0997468472,0.1006109238,6.7183496475,8.4002493858,,34.21875,,0.1175,3,6
frame78.jpg,0.086256361,0.0866915703,6.8046060085,8.4869409561,,0,,0.118,7,8
frame78.jpg,0.086256361,0.0868327141,6.8046060085,8.5737736702,,0,,0.1185,8,5
frame79.jpg,0.106800127,0.1072054386,6.9114061356,8.6809791088,,0,,0.119,9,9
frame79.jpg,0.106800127,0.107339716,6.9114061356,8.7883188248,,50.5233039681,,0.1195,9,9
frame80.jpg,0.0887593746,0.0891871929,7.0001655102,8.8775060177,,33.3159147651,,0.12,6,5
frame80.jpg,0.0887593746,0.0893340588,7.0001655102,8.9668400764,,0,,0.1205,4,7
frame81.jpg,0.0993249416,0.0997468472,7.0994904518,9.0665869236,,0,,0.121,4,4
frame81.jpg,0.0993249416,0.0998855591,7.0994904518,9.1664724827,,51.4225577007,,0.1215,4,4
frame82.jpg,0.0893586636,0.0898207664,7.1888491154,9.2562932491,,41.7468413122,,0.122,5,7
frame82.jpg,0.0893586636,0.0899671078,7.1888491154,9.3462603569,,0,,0.1225,2,2
frame83.jpg,0.1024689198,0.103050518,7.2913180351,9.4493108749,,0,,0.123,5,3
frame83.jpg,0.1024689198,0.1031949043,7.2913180351,9.5525057793,,41.4758545849,,0.1235,3,6
frame83.jpg,0.1024689198,0.1032999992,7.2913180351,9.6558057785,,0,,0.124,6,3
frame84.jpg,0.0872578621,0.0876820087,7.3785758972,9.7434877872,,0,,0.1245,5,5
frame84.jpg,0.0872578621,0.0878205776,7.3785758972,9.8313083649,,0,,0.125,8,9
frame85.jpg,0.1007100582,0.101309967,7.4792859554,9.9326183319,,54.2082389668,,0.1255,2,4
frame85.jpg,0.1007100582,0.1014560699,7.4792859554,10.0340744019,,42.5871435038,,0.126,5,2
frame85.jpg,0.1007100582,0.101565218,7.4792859554,10.1356396198,,0,,0.1265,5,4
frame86.jpg,0.0897558212,0.0903399944,7.5690417767,10.2259796143,,0,,0.127,4,5
frame86.jpg,0.0897558212,0.0904854298,7.5690417767,10.316465044,,58.3957219251,,0.1275,7,7
frame86.jpg,0.0897558212,0.0905898094,7.5690417767,10.4070548534,,44.3037974684,,0.128,5,4
frame87.jpg,0.1038000107,0.1042489529,7.6728417873,10.5113038063,,0,,0.1285,3,5
frame87.jpg,0.1038000107,0.1044012547,7.6728417873,10.615705061,,0,,0.129,5,3
frame88.jpg,0.0903031349,0.0908871651,7.7631449223,10.706592226,,64.2121524202,,0.1295,9,9
frame88.jpg,0.0903031349,0.0910308838,7.7631449223,10.7976231098,,45.5644241733,,0.13,6,6
frame88.jpg,0.0903031349,0.0911693573,7.7631449223,10.8887924671,,0,,0.1305,1,4
frame89.jpg,0.1069648266,0.1075937748,7.8701097488,10.9963862419,,0,,0.131,6,4
frame89.jpg,0.1069648266,0.1077466488,7.8701097488,11.1041328907,,72.4261922786,,0.1315,7,6
frame89.jpg,0.1069648266,0.1079007149,7.8701097488,11.2120336056,,39.3174061433,,0.132,2,4
frame90.jpg,0.0871308327,0.0875558853,7.9572405815,11.2995894909,,0,,0.1325,0,2
frame90.jpg,0.0871308327,0.0876962185,7.9572405815,11.3872857094,,0,,0.133,3,2
frame91.jpg,0.1009708405,0.101418066,8.058211422,11.4887037754,,68.3750376847,,0.1335,4,1
frame91.jpg,0.1009708405,0.1015704632,8.058211422,11.5902742386,,42.2366363584,,0.134,2,6
frame92.jpg,0.0863001823,0.0867187977,8.1445116043,11.6769930363,,0,,0.1345,0,0
frame92.jpg,0.0863001823,0.086857605,8.1445116043,11.7638506413,,0,,0.135,1,0
frame93.jpg,0.1029973507,0.1035793304,8.247508955,11.8674299717,,86.9384673462,,0.1355,1,2
frame93.jpg,0.1029973507,0.1037249088,8.247508955,11.9711548805,,45.3037355293,,0.136,1,0
frame93.jpg,0.1029973507,0.1038324356,8.247508955,12.0749873161,,0,,0.1365,0,1
frame94.jpg,0.0904428959,0.0910146713,8.3379518509,12.1660019875,,0,,0.137,1,1
frame94.jpg,0.0904428959,0.0911629677,8.3379518509,12.2571649551,,70.4958531851,,0.1375,0,0
frame94.jpg,0.0904428959,0.0912605762,8.3379518509,12.3484255314,,53.8059851376,,0.138,0,0
frame95.jpg,0.1034440041,0.1040379047,8.4413958549,12.4524634361,,0,,0.1385,0,0
frame95.jpg,0.1034440041,0.1041892052,8.4413958549,12.5566526413,,0,,0.139,0,0
frame95.jpg,0.1034440041,0.1043105125,8.4413958549,12.6609631538,,51.2669029802,,0.1395,1,0
frame96.jpg,0.086220026,0.0866490841,8.527615881,12.7476122379,,0,,0.14,1,2
frame96.jpg,0.086220026,0.0867893696,8.527615881,12.8344016075,,0,,,,
frame97.jpg,0.1017679214,0.1023663044,8.6293838024,12.9367679119,,0,,,,
frame97.jpg,0.1017679214,0.1025134087,8.6293838024,13.0392813206,,57.7031375704,,,,
frame97.jpg,0.1017679214,0.1026230335,8.6293838024,13.1419043541,,0,,,,
frame98.jpg,0.0878056526,0.0884217262,8.717189455,13.2303260803,,0,,,,
frame98.jpg,0.0878056526,0.0885734558,8.717189455,13.3188995361,,0,,,,
frame98.jpg,0.0878056526,0.0886766434,8.717189455,13.4075761795,,60.8886450905,,,,
frame99.jpg,0.1015841961,0.1021873474,8.8187736511,13.5097635269,,42.0694060038,,,,
frame99.jpg,0.1015841961,0.1023373127,8.8187736511,13.6121008396,,0,,,,
frame99.jpg,0.1015841961,0.1024406433,8.8187736511,13.7145414829,,0,,,,
frame100.jpg,0.089989996,0.0905710697,8.9087636471,13.8051125526,,74.6441575637,,,,
frame100.jpg,0.089989996,0.0907895088,8.9087636471,13.8959020615,,50.4926262943,,,,
frame100.jpg,0.089989996,0.0938177109,8.9087636471,13.9897197723,,36.4448903279,,,,
frame101.jpg,0.0992952347,0.09987607,9.0080588818,14.0895958424,,0,,,,
frame101.jpg,0.0992952347,0.1000277042,9.0080588818,14.1896235466,,85.8553570409,,,,
frame101.jpg,0.0992952347,0.1001401424,9.0080588818,14.289763689,,46.8652037618,,,,
frame102.jpg,0.0873857021,0.0879762173,9.0954445839,14.3777399063,,40.6880189798,,,,
frame102.jpg,0.0873857021,0.0881194115,9.0954445839,14.4658593178,,0,,,,
frame102.jpg,0.0873857021,0.0882063389,9.0954445839,14.5540656567,,74.622445958,,,,
frame103.jpg,0.0998435497,0.100461483,9.1952881336,14.6545271397,,52.9846804015,,,,
frame103.jpg,0.0998435497,0.1006023407,9.1952881336,14.7551294804,,42.8985006265,,,,
frame103.jpg,0.0998435497,0.1007301331,9.1952881336,14.8558596134,,0,,,,
frame104.jpg,0.0878403664,0.0882777214,9.2831285,14.9441373348,,75.7661377961,,,,
frame104.jpg,0.0878403664,0.0884164333,9.2831285,15.0325537682,,46.7282622453,,,,
frame105.jpg,0.1016721725,0.1022516727,9.3848006725,15.1348054409,,32.2026620867,,,,
frame105.jpg,0.1016721725,0.1023935318,9.3848006725,15.2371989727,,0,,,,
frame105.jpg,0.1016721725,0.1024792194,9.3848006725,15.3396781921,,80.3050397878,,,,
frame106.jpg,0.0881783009,0.08860569,9.4729789734,15.4282838821,,48.6432561852,,,,
frame106.jpg,0.0881783009,0.0887465954,9.4729789734,15.5170304775,,0,,,,
frame107.jpg,0.0988643646,0.0992334843,9.571843338,15.6162639618,,0,,,,
frame107.jpg,0.0988643646,0.0993629456,9.571843338,15.7156269073,,85.2078587699,,,,
frame108.jpg,0.0737353802,0.0742652416,9.6455787182,15.789892149,,54.5353982301,,,,
frame108.jpg,0.0737353802,0.0744112968,9.6455787182,15.8643034458,,0,,,,
frame108.jpg,0.0737353802,0.0745047092,9.6455787182,15.9388081551,,0,,,,
frame109.jpg,0.0911248207,0.0918435574,9.7367035389,16.0306517124,,88.1871345029,,,,
frame109.jpg,0.0911248207,0.0919854641,9.7367035389,16.1226371765,,57.1161048689,,,,
frame109.jpg,0.0911248207,0.0920755386,9.7367035389,16.2147127151,,0,,,,
frame109.jpg,0.0911248207,0.0921693325,9.7367035389,16.3068820477,,0,,,,
frame110.jpg,0.0848353863,0.08543787,9.8215389252,16.3923199177,,90.8329785724,,,,
frame110.jpg,0.0848353863,0.0855938435,9.8215389252,16.4779137611,,55.2268983076,,,,
frame110.jpg,0.0848353863,0.0856995583,9.8215389252,16.5636133194,,0,,,,
frame111.jpg,0.0946640491,0.0950941563,9.9162029743,16.6587074757,,0,,,,
frame111.jpg,0.0946640491,0.0952466011,9.9162029743,16.7539540768,,85.9619686801,,,,
frame112.jpg,0.0826017857,0.0831600189,9.99880476,16.8371140957,,56.0407139696,,,,
frame112.jpg,0.0826017857,0.0833030224,9.99880476,16.9204171181,,0,,,,
frame112.jpg,0.0826017857,0.0834004402,9.99880476,17.0038175583,,0,,,,
frame113.jpg,0.105213213,0.1060073376,10.1040179729,17.1098248959,,80.2595288692,,,,
frame113.jpg,0.105213213,0.1061605453,10.1040179729,17.2159854412,,52.602500727,,,,
frame113.jpg,0.105213213,0.1062670231,10.1040179729,17.3222524643,,31.325167655,,,,
frame113.jpg,0.105213213,0.1063671112,10.1040179729,17.4286195755,,0,,,,
frame114.jpg,0.0834815502,0.0843559265,10.1874995232,17.512975502,,75.8192927236,,,,
frame114.jpg,0.0834815502,0.0844899178,10.1874995232,17.5974654198,,47.3373778227,,,,
frame114.jpg,0.0834815502,0.0845698833,10.1874995232,17.6820353031,,0,,,,
frame114.jpg,0.0834815502,0.0846547127,10.1874995232,17.7666900158,,0,,,,
frame115.jpg,0.0935636997,0.0942265034,10.2810632229,17.8609165192,,74.1841914431,,,,
frame115.jpg,0.0935636997,0.0943526745,10.2810632229,17.9552691936,,61.720677743,,,,
frame115.jpg,0.0935636997,0.0944240093,10.2810632229,18.049693203,,45.5756674983,,,,
frame115.jpg,0.0935636997,0.0944990635,10.2810632229,18.1441922665,,0,,,,
frame116.jpg,0.0803344727,0.0810650826,10.3613976955,18.225257349,,72.4550898204,,,,
frame116.jpg,0.0803344727,0.0812199593,10.3613976955,18.3064773083,,66.7829787234,,,,
frame116.jpg,0.0803344727,0.0813171864,10.3613976955,18.3877944946,,60.572519084,,,,
frame116.jpg,0.0803344727,0.0813970566,10.3613976955,18.4691915512,,0,,,,
frame117.jpg,0.0950647831,0.0958239555,10.4564624786,18.5650155067,,85.2151342717,,,,
frame117.jpg,0.0950647831,0.0959793568,10.4564624786,18.6609948635,,61.8718340436,,,,
frame117.jpg,0.0950647831,0.0968203068,10.4564624786,18.7578151703,,0,,,,
frame117.jpg,0.0950647831,0.0969304562,10.4564624786,18.8547456264,,0,,,,
frame118.jpg,0.0874128819,0.0881479263,10.5438753605,18.9428935528,,73.49517504,,,,
frame118.jpg,0.0874128819,0.0882859707,10.5438753605,19.0311795235,,64.7831800263,,,,
frame118.jpg,0.0874128819,0.0883677959,10.5438753605,19.1195473194,,62.6086956522,,,,
frame118.jpg,0.0874128819,0.0884554386,10.5438753605,19.208002758,,0,,,,
frame119.jpg,0.0941283226,0.094856739,10.6380036831,19.3028594971,,72.5187621216,,,,
frame119.jpg,0.0941283226,0.0950036049,10.6380036831,19.397863102,,70.6428098078,,,,
frame119.jpg,0.0941283226,0.0951216221,10.6380036831,19.492984724,,66.3993584603,,,,
frame119.jpg,0.0941283226,0.0952184677,10.6380036831,19.5882031918,,0,,,,
frame120.jpg,0.0835692406,0.0843549728,10.7215729237,19.6725581646,,76.639932461,,,,
frame120.jpg,0.0835692406,0.0845007896,10.7215729237,19.7570589542,,65.7388742441,,,,
frame120.jpg,0.0835692406,0.084601593,10.7215729237,19.8416605473,,0,,,,
frame120.jpg,0.0835692406,0.0847049236,10.7215729237,19.9263654709,,0,,,,
frame121.jpg,0.1015358448,0.1022637367,10.8231087685,20.0286292076,,74.6712860542,,,,
frame121.jpg,0.1015358448,0.102409029,10.8231087685,20.1310382366,,69.5133587786,,,,
frame121.jpg,0.1015358448,0.1025090218,10.8231087685,20.2335472584,,0,,,,
frame121.jpg,0.1015358448,0.1026628017,10.8231087685,20.3362100601,,0,,,,
frame122.jpg,0.0818517208,0.0822757244,10.9049604893,20.4184857845,,73.2751784298,,,,
frame122.jpg,0.0818517208,0.0824201107,10.9049604893,20.5009058952,,71.3698196773,,,,
frame123.jpg,0.0953221798,0.0959281921,11.0002826691,20.5968340874,,0,,,,
frame123.jpg,0.0953221798,0.096077013,11.0002826691,20.6929111004,,0,,,,
frame123.jpg,0.0953221798,0.0961856365,11.0002826691,20.7890967369,,75.2790810548,,,,
frame124.jpg,0.0816096783,0.0820521832,11.0818923473,20.8711489201,,72.1579880159,,,,
frame124.jpg,0.0816096783,0.0822015762,11.0818923473,20.9533504963,,67.5312381674,,,,
frame125.jpg,0.0933113575,0.0937569618,11.1752037048,21.0471074581,,0,,,,
frame125.jpg,0.0933113575,0.0939002037,11.1752037048,21.1410076618,,62.9337073675,,,,
frame126.jpg,0.0812339783,0.081787014,11.2564376831,21.2227946758,,59.6114996115,,,,
frame126.jpg,0.0812339783,0.081923008,11.2564376831,21.3047176838,,57.823304399,,,,
frame126.jpg,0.0812339783,0.0820059776,11.2564376831,21.3867236614,,0,,,,
frame127.jpg,0.0934745789,0.09408741,11.349912262,21.4808110714,,0,,,,
frame127.jpg,0.0934745789,0.0942264557,11.349912262,21.5750375271,,71.9508830022,,,,
frame127.jpg,0.0934745789,0.0943181992,11.349912262,21.6693557262,,62.2919720617,,,,
frame128.jpg,0.0815446854,0.0821167469,11.4314569473,21.7514724731,,49.8302513724,,,,
frame128.jpg,0.0815446854,0.0822612286,11.4314569473,21.8337337017,,0,,,,
frame128.jpg,0.0815446854,0.0823690414,11.4314569473,21.9161027431,,0,,,,
frame129.jpg,0.0918245792,0.0925591469,11.5232815266,22.00866189,,67.138422206,,,,
frame129.jpg,0.0918245792,0.0927011967,11.5232815266,22.1013630867,,45.5717047326,,,,
frame129.jpg,0.0918245792,0.0927910805,11.5232815266,22.1941541672,,0,,,,
frame129.jpg,0.0918245792,0.0928706169,11.5232815266,22.2870247841,,0,,,,
frame130.jpg,0.0820584774,0.0825144291,11.605340004,22.3695392132,,0,,,,
frame130.jpg,0.0820584774,0.0826610088,11.605340004,22.452200222,,72.380952381,,,,
frame131.jpg,0.091686964,0.0921041965,11.697026968,22.5443044186,,65.7771616704,,,,
frame131.jpg,0.091686964,0.0922410488,11.697026968,22.6365454674,,49.3379928139,,,,
frame132.jpg,0.0860667229,0.0865285873,11.7830936909,22.7230740547,,0,,,,
frame132.jpg,0.0860667229,0.0866740227,11.7830936909,22.8097480774,,0,,,,
frame133.jpg,0.0925065517,0.0927825928,11.8756002426,22.9025306702,,79.5701436748,,,,
frame134.jpg,0.0819705486,0.0822393417,11.9575707912,22.9847700119,,70.4248539565,,,,
frame135.jpg,0.0942433834,0.094512558,12.0518141747,23.0792825699,,47.4082376016,,,,
frame136.jpg,0.0831196308,0.0836129665,12.1349338055,23.1628955364,,0,,,,
frame136.jpg,0.0831196308,0.0837717056,12.1349338055,23.2466672421,,0,,,,
frame137.jpg,0.0901860714,0.0907619476,12.2251198769,23.3374291897,,84.5462991638,,,,
frame137.jpg,0.0901860714,0.0909000397,12.2251198769,23.4283292294,,84.3080971176,,,,
frame137.jpg,0.0901860714,0.0909838676,12.2251198769,23.519313097,,49.4324324324,,,,
frame138.jpg,0.0809540749,0.0812502861,12.3060739517,23.6005633831,,0,,,,
frame139.jpg,0.0978728771,0.098290205,12.4039468288,23.6988535881,,0,,,,
frame139.jpg,0.0978728771,0.0984249115,12.4039468288,23.7972784996,,80.5210420842,,,,
frame140.jpg,0.0813177586,0.0816112518,12.4852645874,23.8788897514,,75.5602314571,,,,
frame141.jpg,0.0953103542,0.0957334518,12.5805749416,23.9746232033,,54.4427508294,,,,
frame141.jpg,0.0953103542,0.0958777428,12.5805749416,24.070500946,,0,,,,
frame142.jpg,0.0824728966,0.0828973293,12.6630478382,24.1533982754,,0,,,,
frame142.jpg,0.0824728966,0.0830378056,12.6630478382,24.2364360809,,78.8867964009,,,,
frame143.jpg,0.0975268364,0.0979578972,12.7605746746,24.3343939781,,75.611814346,,,,
frame143.jpg,0.0975268364,0.0981097698,12.7605746746,24.4325037479,,51.1296336916,,,,
frame144.jpg,0.0801663876,0.0804323196,12.8407410622,24.5129360676,,0,,,,
frame145.jpg,0.0956190586,0.0959177494,12.9363601208,24.608853817,,0,,,,
frame146.jpg,0.0793138504,0.0797311306,13.0156739712,24.6885849476,,86.6330764671,,,,
frame146.jpg,0.0793138504,0.0798735142,13.0156739712,24.7684584618,,80.8729557024,,,,
frame147.jpg,0.092556715,0.0928676605,13.1082306862,24.8613261223,,54.7432550044,,,,
frame148.jpg,0.0815897942,0.082178545,13.1898204803,24.9435046673,,0,,,,
frame148.jpg,0.0815897942,0.0823270321,13.1898204803,25.0258316994,,0,,,,
frame148.jpg,0.0815897942,0.082434988,13.1898204803,25.1082666874,,80.2320392682,,,,
frame149.jpg,0.0934916973,0.0940908909,13.2833121777,25.2023575783,,77.9211799954,,,,
frame149.jpg,0.0934916973,0.0942349434,13.2833121777,25.2965925217,,59.2950445781,,,,
frame149.jpg,0.0934916973,0.0943431854,13.2833121777,25.3909357071,,0,,,,
frame150.jpg,0.0924094677,0.0930784702,13.3757216454,25.4840141773,,0,,,,
frame150.jpg,0.0924094677,0.0932507038,13.3757216454,25.5772648811,,65.3552554316,,,,
frame150.jpg,0.0924094677,0.0933786392,13.3757216454,25.6706435204,,58.2306830907,,,,
frame151.jpg,0.0931485653,0.0937304974,13.4688702106,25.7643740177,,0,,,,
frame151.jpg,0.0931485653,0.0938748837,13.4688702106,25.8582489014,,0,,,,
frame151.jpg,0.0931485653,0.0939835072,13.4688702106,25.9522324085,,0,,,,
frame152.jpg,0.0839448452,0.0845826149,13.5528150558,26.0368150234,,84.1983852364,,,,
frame152.jpg,0.0839448452,0.0847322941,13.5528150558,26.1215473175,,69.33450601,,,,
frame152.jpg,0.0839448452,0.0848347664,13.5528150558,26.2063820839,,52.3967066431,,,,
frame153.jpg,0.1015192986,0.1019944191,13.6543343544,26.308376503,,0,,,,
frame153.jpg,0.1015192986,0.1021432877,13.6543343544,26.4105197906,,0,,,,
frame154.jpg,0.0923434258,0.0924078941,13.7466777802,26.5029276848,,76.689612015,,,,
frame155.jpg,0.1002379894,0.1003129005,13.8469157696,26.6032405853,,52.1037311458,,,,
frame156.jpg,0.0855427742,0.0856100082,13.9324585438,26.6888505936,,0,,,,
frame157.jpg,0.1003159523,0.1003901005,14.0327744961,26.789240694,,0,,,,
frame158.jpg,0.0873071194,0.087376833,14.1200816154,26.876617527,,0,,,,
frame159.jpg,0.0982541084,0.0983266354,14.2183357239,26.9749441624,,72.1729386497,,,,
frame160.jpg,0.0887964249,0.0888634205,14.3071321487,27.0638075829,,45.6516147996,,,,
frame161.jpg,0.0986913204,0.0987654209,14.4058234692,27.1625730038,,0,,,,
frame162.jpg,0.0835777283,0.0836462021,14.4894011974,27.2462192059,,0,,,,
frame163.jpg,0.0997240067,0.1001040936,14.5891252041,27.3463232994,,0,,,,
frame164.jpg,0.0860264301,0.0864618301,14.6751516342,27.4327851295,,63.9200883815,,,,
frame164.jpg,0.0860264301,0.086602354,14.6751516342,27.5193874836,,60.9808102345,,,,
frame165.jpg,0.1014026642,0.1016832352,14.7765542984,27.6210707188,,39.1823471624,,,,
frame166.jpg,0.0873407841,0.0875938892,14.8638950825,27.708664608,,0,,,,
frame167.jpg,0.0995342255,0.0998142719,14.9634293079,27.8084788799,,0,,,,
frame168.jpg,0.0850454807,0.0854798317,15.0484747887,27.8939587116,,0,,,,
frame168.jpg,0.0850454807,0.0856378078,15.0484747887,27.9795965195,,67.5799086758,,,,
frame169.jpg,0.1000840664,0.100359869,15.1485588551,28.0799563885,,63.9693821761,,,,
frame170.jpg,0.0856149673,0.085683918,15.2341738224,28.1656403065,,46.8572817107,,,,
frame171.jpg,0.1027564049,0.1030263901,15.3369302273,28.2686666965,,33.401345122,,,,
frame172.jpg,0.0845252037,0.0845912457,15.421455431,28.3532579422,,0,,,,
frame173.jpg,0.1016112328,0.1016771793,15.5230666637,28.4549351215,,0,,,,
frame174.jpg,0.0868627071,0.0869329929,15.6099293709,28.5418681145,,73.2638468064,,,,
frame175.jpg,0.1039500237,0.1040143967,15.7138793945,28.6458825111,,44.8013732222,,,,
frame176.jpg,0.0881432056,0.0882126808,15.8020226002,28.734095192,,39.3747005271,,,,
frame177.jpg,0.1030011177,0.1032995701,15.9050237179,28.837394762,,0,,,,
frame178.jpg,0.0867834568,0.0870562553,15.9918071747,28.9244510174,,0,,,,
frame179.jpg,0.103619194,0.1038916111,16.0954263687,29.0283426285,,0,,,,
frame180.jpg,0.0863376617,0.0864062786,16.1817640305,29.1147489071,,40.9420001591,,,,
frame181.jpg,0.1038921356,0.1039586544,16.2856561661,29.2187075615,,33.0766861719,,,,
frame182.jpg,0.0878944397,0.0879677773,16.3735506058,29.3066753387,,0,,,,
frame183.jpg,0.0969600201,0.0970252991,16.4705106258,29.4037006378,,0,,,,
frame184.jpg,0.0953829288,0.0954501152,16.5658935547,29.499150753,,0,,,,
frame185.jpg,0.1035015106,0.1035682201,16.6693950653,29.6027189732,,0,,,,
frame186.jpg,0.0887239456,0.0887938499,16.7581190109,29.6915128231,,53.9984341796,,,,
frame187.jpg,0.1006188869,0.1006798267,16.8587378979,29.7921926498,,40.6105968091,,,,
frame188.jpg,0.0899792671,0.0902693748,16.948717165,29.8824620247,,26.8486498418,,,,
frame189.jpg,0.1000844002,0.100389719,17.0488015652,29.9828517437,,0,,,,
frame190.jpg,0.089110899,0.0893992424,17.1379124641,30.0722509861,,0,,,,
frame191.jpg,0.1018931866,0.1022210598,17.2398056507,30.1744720459,,0,,,,
frame192.jpg,0.0871430874,0.0872180939,17.3269487381,30.2616901398,,68.3325548809,,,,
frame193.jpg,0.1025710106,0.1026415348,17.4295197487,30.3643316746,,56.0318802077,,,,
frame194.jpg,0.080737257,0.080793047,17.5102570057,30.4451247215,,36.6315789474,,,,
frame195.jpg,0.0938670635,0.0939480782,17.6041240692,30.5390727997,,29.9222797927,,,,
frame196.jpg,0.0869849682,0.087052536,17.6911090374,30.6261253357,,0,,,,
frame197.jpg,0.0976755142,0.0977406502,17.7887845516,30.7238659859,,0,,,,
frame198.jpg,0.0841444492,0.0842111111,17.8729290009,30.8080770969,,74.935826916,,,,
frame199.jpg,0.0971473694,0.0974137306,17.9700763702,30.9054908276,,53.2781900012,,,,
frame200.jpg,0.0837128162,0.0837745667,18.0537891865,30.9892653942,,36.9852369852,,,,
frame201.jpg,0.097977066,0.0982526302,18.1517662525,31.0875180244,,30.1915982387,,,,
frame202.jpg,0.0802300453,0.0802940845,18.2319962978,31.167812109,,0,,,,
frame203.jpg,0.0997467041,0.1000812531,18.3317430019,31.267893362,,0,,,,
frame204.jpg,0.0850487232,0.0853291035,18.4167917252,31.3532224655,,85.9829627171,,,,
frame205.jpg,0.0947348118,0.0950060844,18.5115265369,31.44822855,,64.6617615544,,,,
frame206.jpg,0.0850099564,0.085087347,18.5965364933,31.533315897,,40.2735203961,,,,
frame207.jpg,0.1003980637,0.1004653454,18.696934557,31.6337812424,,36.4201570681,,,,
frame208.jpg,0.0842251778,0.0842882156,18.7811597347,31.718069458,,0,,,,
frame209.jpg,0.0965716362,0.0968353271,18.8777313709,31.8149047852,,0,,,,
frame210.jpg,0.0815529346,0.0818098068,18.9592843056,31.896714592,,78.9317507418,,,,
frame211.jpg,0.0937010765,0.093965292,19.0529853821,31.990679884,,59.9051811717,,,,
frame212.jpg,0.0843319893,0.0845982075,19.1373173714,32.0752780914,,43.2154888988,,,,
frame213.jpg,0.0987254143,0.0990047932,19.2360427856,32.1742828846,,38.724068704,,,,
frame214.jpg,0.0841767311,0.0844517708,19.3202195168,32.2587346554,,0,,,,
frame215.jpg,0.0957418442,0.096162796,19.4159613609,32.3548974514,,0,,,,
frame215.jpg,0.0957418442,0.0963027,19.4159613609,32.4512001514,,86.5671641791,,,,
frame216.jpg,0.082938385,0.0833003044,19.4988997459,32.5345004559,,60.5266411176,,,,
frame216.jpg,0.082938385,0.083428669,19.4988997459,32.6179291248,,43.7889688249,,,,
frame217.jpg,0.0970744133,0.0973239899,19.5959741592,32.7152531147,,37.3573615363,,,,
frame218.jpg,0.0816060543,0.0816698074,19.6775802135,32.7969229221,,0,,,,
frame219.jpg,0.0967186451,0.096814394,19.7742988586,32.8937373161,,0,,,,
frame220.jpg,0.0893315792,0.0894048691,19.8636304379,32.9831421852,,86.7537313433,,,,
frame221.jpg,0.0924213409,0.0924897671,19.9560517788,33.0756319523,,66.5351316332,,,,
frame222.jpg,0.0842237473,0.0842969894,20.040275526,33.1599289417,,48.368166375,,,,
frame223.jpg,0.0987994671,0.0988772392,20.1390749931,33.258806181,,34.3107769424,,,,
frame224.jpg,0.0852513313,0.0853199005,20.2243263245,33.3441260815,,0,,,,
frame225.jpg,0.0974204063,0.0974888802,20.3217467308,33.4416149616,,0,,,,
frame226.jpg,0.0809967518,0.0810558796,20.4027434826,33.5226708412,,81.7189474894,,,,
frame227.jpg,0.0954640388,0.0955280304,20.4982075214,33.6181988716,,60.1590157275,,,,
frame228.jpg,0.0859640121,0.0860303879,20.5841715336,33.7042292595,,57.2018097748,,,,
frame229.jpg,0.0998691082,0.0999311924,20.6840406418,33.8041604519,,47.5467252523,,,,
frame230.jpg,0.0817408085,0.0818045616,20.7657814503,33.8859650135,,0,,,,
frame231.jpg,0.0978904724,0.0979541779,20.8636719227,33.9839191914,,0,,,,
frame232.jpg,0.0803033352,0.0803695202,20.9439752579,34.0642887115,,85.890858209,,,,
frame233.jpg,0.095681572,0.0957427979,21.0396568298,34.1600315094,,65.851443792,,,,
frame234.jpg,0.0846698761,0.0847352028,21.1243267059,34.2447667122,,55.2896635474,,,,
frame235.jpg,0.0960189342,0.0960813046,21.2203456402,34.3408480167,,38.6187634886,,,,
frame236.jpg,0.082315731,0.0823758125,21.3026613712,34.4232238293,,0,,,,
frame237.jpg,0.1032458782,0.103302002,21.4059072495,34.5265258312,,0,,,,
frame238.jpg,0.0826169491,0.0826733112,21.4885241985,34.6091991425,,81.8871394093,,,,
frame239.jpg,0.1023162365,0.1023777962,21.590840435,34.7115769386,,51.8248934179,,,,
frame240.jpg,0.0881216526,0.08818717,21.6789620876,34.7997641087,,51.6099196485,,,,
frame241.jpg,0.0996106148,0.0996744156,21.7785727024,34.8994385242,,38.150399389,,,,
frame242.jpg,0.0850339413,0.0850933552,21.8636066437,34.9845318794,,0,,,,
frame243.jpg,0.1000067711,0.1000643253,21.9636134148,35.0845962048,,0,,,,
frame244.jpg,0.0874042034,0.0874614239,22.0510176182,35.1720576286,,75.1979762429,,,,
frame245.jpg,0.099128294,0.0991905212,22.1501459122,35.2712481499,,41.3049565948,,,,
frame246.jpg,0.0887620449,0.0888240337,22.2389079571,35.3600721836,,0,,,,
frame247.jpg,0.0991234303,0.0991849422,22.3380313873,35.4592571259,,0,,,,
frame248.jpg,0.0854366302,0.0854979515,22.4234680176,35.5447550774,,0,,,,
frame249.jpg,0.0995903492,0.0996520996,22.5230583668,35.644407177,,0,,,,
frame250.jpg,0.0868941307,0.0869597435,22.6099524975,35.7313669205,,83.5820895522,,,,
frame251.jpg,0.1025295734,0.1025871754,22.7124820709,35.8339540958,,44.6433900328,,,,
frame252.jpg,0.0876067638,0.0876857281,22.8000888348,35.9216398239,,40.3609440074,,,,
frame253.jpg,0.0993902683,0.0994522572,22.8994791031,36.0210920811,,0,,,,
frame254.jpg,0.0873413086,0.0874195099,22.9868204117,36.108511591,,0,,,,
frame255.jpg,0.1090148449,0.1090775013,23.0958352566,36.2175890923,,0,,,,
frame256.jpg,0.0858160019,0.0858730793,23.1816512585,36.3034621716,,84.5382462687,,,,
frame257.jpg,0.1043826103,0.1044454575,23.2860338688,36.407907629,,35.0118017309,,,,
frame258.jpg,0.0848986626,0.0849588394,23.3709325314,36.4928664684,,0,,,,
frame259.jpg,0.1026154041,0.1026796818,23.4735479355,36.5955461502,,0,,,,
frame260.jpg,0.0863982677,0.0864589214,23.5599462032,36.6820050716,,0,,,,
frame261.jpg,0.0996401787,0.0997040749,23.6595863819,36.7817091465,,0,,,,
frame262.jpg,0.0852871418,0.0853498936,23.7448735237,36.8670590401,,76.7702936097,,,,
frame263.jpg,0.1009339809,0.1009944439,23.8458075047,36.968053484,,28.2071062304,,,,
frame264.jpg,0.0873989105,0.0874599457,23.9332064152,37.0555134296,,0,,,,
frame265.jpg,0.1015039921,0.1015733719,24.0347104073,37.1570868015,,0,,,,
frame266.jpg,0.088937664,0.0890023708,24.1236480713,37.2460891724,,0,,,,
frame267.jpg,0.1025841713,0.1026489258,24.2262322426,37.3487380981,,0,,,,
frame268.jpg,0.0885452747,0.0886070251,24.3147775173,37.4373451233,,60.0431330262,,,,
frame269.jpg,0.1141159058,0.1141850948,24.4288934231,37.5515302181,,42.0126071895,,,,
frame270.jpg,0.0909369946,0.0910072327,24.5198304176,37.6425374508,,32.4045820619,,,,
frame271.jpg,0.1045568466,0.1046410084,24.6243872643,37.7471784592,,0,,,,
frame272.jpg,0.1503575802,0.1504407406,24.7747448444,37.8976191998,,0,,,,
frame273.jpg,0.1242280483,0.1243214607,24.8989728928,38.0219406605,,0,,,,
frame274.jpg,0.1261776447,0.1262594223,25.0251505375,38.1482000828,,70.0943671563,,,,
frame275.jpg,0.0918571472,0.0919186592,25.1170076847,38.240118742,,58.6449288204,,,,
frame276.jpg,0.1007098675,0.1007743835,25.2177175522,38.3408931255,,35.8191287879,,,,
frame277.jpg,0.0898570061,0.0899157047,25.3075745583,38.4308088303,,0,,,,
frame278.jpg,0.0921223164,0.0921800613,25.3996968746,38.5229888916,,0,,,,
frame279.jpg,0.081289959,0.0813479424,25.4809868336,38.604336834,,0,,,,
frame280.jpg,0.0964581966,0.0965230942,25.5774450302,38.7008599281,,69.6943231441,,,,
frame281.jpg,0.0883734703,0.08843894,25.6658185005,38.7892988682,,39.5260451598,,,,
frame282.jpg,0.0971990108,0.0972562313,25.7630175114,38.8865550995,,21.3536128704,,,,
frame283.jpg,0.0862177372,0.0862875938,25.8492352486,38.9728426933,,0,,,,
frame284.jpg,0.0967245102,0.0967915535,25.9459597588,39.0696342468,,0,,,,
frame285.jpg,0.086552763,0.0866187572,26.0325125217,39.1562530041,,0,,,,
frame286.jpg,0.0959991455,0.0960720062,26.1285116673,39.2523250103,,69.7713550431,,,,
frame287.jpg,0.0885769367,0.0886492252,26.217088604,39.3409742355,,58.3011391778,,,,
frame288.jpg,0.0955760002,0.0956476688,26.3126646042,39.4366219044,,36.118527432,,,,
frame289.jpg,0.0945971489,0.0946639538,26.4072617531,39.5312858582,,15.4667750758,,,,
frame290.jpg,0.0972361088,0.0973026276,26.5044978619,39.6285884857,,0,,,,
frame291.jpg,0.0891531944,0.0892127991,26.5936510563,39.7178012848,,0,,,,
frame292.jpg,0.0975085258,0.0975756168,26.6911595821,39.8153769016,,66.8503776281,,,,
frame293.jpg,0.0891311646,0.0892036438,26.7802907467,39.9045805454,,40.8216685554,,,,
frame294.jpg,0.0971041679,0.0971788406,26.8773949146,40.0017593861,,0,,,,
frame295.jpg,0.0873809338,0.087450695,26.9647758484,40.0892100811,,0,,,,
frame296.jpg,0.0946730137,0.0947411537,27.0594488621,40.1839512348,,0,,,,
frame297.jpg,0.0898233891,0.089884901,27.1492722511,40.2738361359,,0,,,,
frame298.jpg,0.0952393055,0.0953066826,27.2445115566,40.3691428185,,62.2759235416,,,,
frame299.jpg,0.085585165,0.0856521606,27.3300967216,40.4547949791,,34.4162146021,,,,
frame300.jpg,0.0947125435,0.0947819233,27.4248092651,40.5495769024,,0,,,,
frame301.jpg,0.0854955196,0.0855623722,27.5103047848,40.6351392746,,0,,,,
frame302.jpg,0.0961547852,0.0962186813,27.6064595699,40.7313579559,,0,,,,
frame303.jpg,0.0848763943,0.0849366188,27.6913359642,40.8162945747,,0,,,,
frame304.jpg,0.0969185829,0.0969887257,27.7882545471,40.9132833004,,67.8894421299,,,,
frame305.jpg,0.0832577705,0.0833228588,27.8715123177,40.9966061592,,44.0090369593,,,,
frame306.jpg,0.09840765,0.0984774113,27.9699199677,41.0950835705,,0,,,,
frame307.jpg,0.0857374191,0.0858016014,28.0556573868,41.1808851719,,0,,,,
frame308.jpg,0.0920994282,0.0921693802,28.147756815,41.2730545521,,0,,,,
frame309.jpg,0.0881966114,0.0882739544,28.2359534264,41.3613285065,,0,,,,
frame310.jpg,0.0969370842,0.0970067024,28.3328905106,41.4583352089,,68.6310620012,,,,
frame311.jpg,0.0860379696,0.0861069679,28.4189284801,41.5444421768,,0,,,,
frame312.jpg,0.0988757133,0.0989468575,28.5178041935,41.6433890343,,0,,,,
frame313.jpg,0.0904911041,0.0905578613,28.6082952976,41.7339468956,,0,,,,
frame314.jpg,0.0917054176,0.0917695522,28.7000007153,41.8257164478,,0,,,,
frame315.jpg,0.0849300385,0.0851915359,28.7849307537,41.9109079838,,0,,,,
frame316.jpg,0.093958807,0.0942394733,28.8788895607,42.0051474571,,67.1732199787,,,,
frame317.jpg,0.0829222679,0.0831886768,28.9618118286,42.088336134,,0,,,,
frame318.jpg,0.0934909821,0.0937366962,29.0553028107,42.1820728302,,0,,,,
frame319.jpg,0.083639431,0.0838906765,29.1389422417,42.2659635067,,0,,,,
frame320.jpg,0.0967011929,0.0969882011,29.2356434345,42.3629517078,,0,,,,
frame321.jpg,0.0867850304,0.0870686054,29.3224284649,42.4500203133,,0,,,,
frame322.jpg,0.098032856,0.0983038425,29.4204613209,42.5483241558,,65.7185310974,,,,
frame323.jpg,0.0877083778,0.0879712582,29.5081696987,42.636295414,,0,,,,
frame324.jpg,0.1046378613,0.1049201488,29.61280756,42.7412155628,,0,,,,
frame325.jpg,0.0877485752,0.0880342007,29.7005561352,42.8292497635,,0,,,,
frame326.jpg,0.0975658417,0.0976337433,29.7981219769,42.9268835068,,0,,,,
frame327.jpg,0.0877374172,0.0878039837,29.8858593941,43.0146874905,,0,,,,
frame328.jpg,0.1028529167,0.1029209614,29.9887123108,43.1176084518,,67.2993960311,,,,
frame329.jpg,0.0894880295,0.0895606041,30.0782003403,43.2071690559,,57.2157803252,,,,
frame330.jpg,0.1016238689,0.1016911507,30.1798242092,43.3088602066,,0,,,,
frame331.jpg,0.089550972,0.0896177769,30.2693751812,43.3984779835,,0,,,,
frame332.jpg,0.0996477127,0.0997153759,30.3690228939,43.4981933594,,0,,,,
frame333.jpg,0.0886883259,0.0887683392,30.4577112198,43.5869616985,,0,,,,
frame334.jpg,0.1026779652,0.1027413368,30.560389185,43.6897030354,,70.3699182029,,,,
frame335.jpg,0.0888243675,0.0888903141,30.6492135525,43.7785933495,,68.5411884723,,,,
frame336.jpg,0.0975157738,0.0975820065,30.7467293262,43.8761753559,,63.5069119634,,,,
frame337.jpg,0.0866235733,0.0866897583,30.8333528996,43.9628651142,,0,,,,
frame338.jpg,0.0997426987,0.0998118877,30.9330955982,44.062677002,,0,,,,
frame339.jpg,0.0853104591,0.0853760242,31.0184060574,44.1480530262,,0,,,,
frame340.jpg,0.0985833168,0.0986458778,31.1169893742,44.246698904,,58.6305863059,,,,
frame341.jpg,0.0902619839,0.0903261185,31.207251358,44.3370250225,,0,,,,
frame342.jpg,0.1068892479,0.1069547176,31.3141406059,44.4439797401,,0,,,,
frame343.jpg,0.0847131729,0.0847797394,31.3988537788,44.5287594795,,0,,,,
frame344.jpg,0.0991422653,0.0992153645,31.4979960442,44.627974844,,0,,,,
frame345.jpg,0.0884710789,0.0885413647,31.586467123,44.7165162086,,0,,,,
frame346.jpg,0.102959919,0.1030209541,31.689427042,44.8195371628,,64.3027076017,,,,
frame347.jpg,0.0850990295,0.0851665974,31.7745260715,44.9047037601,,60.7460035524,,,,
frame348.jpg,0.1010879993,0.1011486053,31.8756140709,45.0058523655,,0,,,,
frame349.jpg,0.0870773792,0.0871388912,31.9626914501,45.0929912567,,0,,,,
frame350.jpg,0.0989475727,0.0990110874,32.0616390228,45.1920023441,,0,,,,
frame351.jpg,0.0891514778,0.0892155647,32.1507905006,45.2812179089,,0,,,,
frame352.jpg,0.1037203312,0.1038063526,32.2545108318,45.3850242615,,61.9419397405,,,,
frame353.jpg,0.0871720791,0.0872366428,32.3416829109,45.4722609043,,0,,,,
frame354.jpg,0.1013301373,0.1013951778,32.4430130482,45.5736560822,,0,,,,
frame355.jpg,0.0849586964,0.085021925,32.5279717445,45.6586780071,,0,,,,
frame356.jpg,0.1058605194,0.1059261799,32.6338322639,45.764604187,,0,,,,
frame357.jpg,0.087285614,0.0873590469,32.721117878,45.8519632339,,0,,,,
frame358.jpg,0.1089632511,0.1090295792,32.8300811291,45.9609928131,,76.0180995475,,,,
frame359.jpg,0.0874149799,0.087477541,32.917496109,46.0484703541,,54.2545300413,,,,
frame360.jpg,0.0996242046,0.0999010563,33.0171203136,46.1483714104,,0,,,,
frame361.jpg,0.0875836849,0.0878704548,33.1047039986,46.2362418652,,0,,,,
frame362.jpg,0.105381155,0.1056415081,33.2100851536,46.3418833733,,0,,,,
frame363.jpg,0.0870178223,0.0873560905,33.2971029758,46.4292394638,,0,,,,
frame364.jpg,0.1325027466,0.1328186512,33.4296057224,46.562058115,,59.8789509079,,,,
frame365.jpg,0.130743742,0.1311111927,33.5603494644,46.6931693077,,53.5920131741,,,,
frame366.jpg,0.1263188839,0.1266379356,33.6866683483,46.8198072433,,0,,,,
frame367.jpg,0.1226575851,0.1229946136,33.8093259335,46.942801857,,0,,,,
frame368.jpg,0.1325046539,0.1329829693,33.9418305874,47.0757848263,,0,,,,
frame369.jpg,0.1273199558,0.1276755333,34.0691505432,47.2034603596,,0,,,,
frame370.jpg,0.1297412872,0.1302065849,34.1988918304,47.3336669445,,75.0573909572,,,,
frame371.jpg,0.1319815159,0.132311964,34.3308733463,47.4659789085,,67.9709334824,,,,
frame372.jpg,0.1286436558,0.1291386127,34.4595170021,47.5951175213,,0,,,,
frame373.jpg,0.1302753925,0.1306313992,34.5897923946,47.7257489204,,0,,,,
frame374.jpg,0.1298170567,0.1301486969,34.7196094513,47.8558976173,,0,,,,
frame375.jpg,0.1297375679,0.1300653934,34.8493470192,47.9859630108,,0,,,,
frame376.jpg,0.1307070255,0.1310381413,34.9800540447,48.117001152,,45.313921747,,,,
frame377.jpg,0.1291533947,0.1294756413,35.1092074394,48.2464767933,,0,,,,
frame378.jpg,0.1314019203,0.1317367554,35.2406093597,48.3782135487,,0,,,,
frame379.jpg,0.128031826,0.1283481121,35.3686411858,48.5065616608,,0,,,,
frame380.jpg,0.1295456886,0.1298702717,35.4981868744,48.6364319324,,0,,,,
frame381.jpg,0.1263278008,0.1266968727,35.6245146751,48.7631288052,,0,,,,
frame382.jpg,0.1283519745,0.1287247181,35.7528666496,48.8918535233,,43.5754189944,,,,
frame383.jpg,0.1403287888,0.1408318043,35.8931954384,49.0326853275,,0,,,,
frame384.jpg,0.1351283073,0.135464716,36.0283237457,49.1681500435,,0,,,,
frame385.jpg,0.1334570408,0.1337957382,36.1617807865,49.3019457817,,0,,,,
frame386.jpg,0.1409664154,0.1412914753,36.3027472019,49.443237257,,0,,,,
frame387.jpg,0.1394859791,0.1398337364,36.442233181,49.5830709934,,0,,,,
frame388.jpg,0.1299679279,0.1303150177,36.5722011089,49.7133860111,,83.1150738367,,,,
frame389.jpg,0.1289613724,0.1292749882,36.7011624813,49.8426609993,,60.4874446086,,,,
frame390.jpg,0.1334579468,0.1337879658,36.8346204281,49.9764489651,,0,,,,
frame391.jpg,0.1326876163,0.133032608,36.9673080444,50.1094815731,,0,,,,
frame392.jpg,0.1172651291,0.1177721024,37.0845731735,50.2272536755,,0,,,,
frame393.jpg,0.1159196377,0.1162045956,37.2004928112,50.343458271,,0,,,,
frame394.jpg,0.1211108208,0.1214067459,37.321603632,50.4648650169,,60.5368114692,,,,
frame395.jpg,0.1097820282,0.1101788521,37.4313856602,50.575043869,,0,,,,
frame396.jpg,0.1179166317,0.1182504177,37.5493022919,50.6932942867,,0,,,,
frame397.jpg,0.1089704514,0.1092810631,37.6582727432,50.8025753498,,0,,,,
frame398.jpg,0.1181973457,0.1184943199,37.776470089,50.9210696697,,0,,,,
frame399.jpg,0.1080123901,0.1083025455,37.8844824791,51.0293722153,,0,,,,
frame400.jpg,0.1163691998,0.1175774574,38.0008516788,51.1469496727,,86.7949704901,,,,
frame401.jpg,0.1142156124,0.114585495,38.1150672913,51.2615351677,,85.1221537002,,,,
frame402.jpg,0.1198236942,0.1201227665,38.2348909855,51.3816579342,,61.6830978758,,,,
frame403.jpg,0.1149354458,0.1152262688,38.3498264313,51.496884203,,0,,,,
frame404.jpg,0.114343071,0.1147444725,38.4641695023,51.6116286755,,0,,,,
frame405.jpg,0.1140027523,0.1143435001,38.5781722546,51.7259721756,,0,,,,
frame406.jpg,0.1171221733,0.1174435616,38.6952944279,51.8434157372,,87.5571657659,,,,
frame407.jpg,0.1127611637,0.1130570412,38.8080555916,51.9564727783,,85.5114780507,,,,
frame408.jpg,0.1220818996,0.1224976063,38.9301374912,52.0789703846,,57.3155216285,,,,
frame409.jpg,0.1161291599,0.1164621353,39.0462666512,52.1954325199,,0,,,,
frame410.jpg,0.1182078838,0.1186117172,39.164474535,52.3140442371,,0,,,,
frame411.jpg,0.1082712173,0.1083628654,39.2727457523,52.4224071026,,0,,,,
frame412.jpg,0.1199010372,0.1199800491,39.3926467896,52.5423871517,,83.9616385247,,,,
frame413.jpg,0.110802269,0.1109016418,39.5034490585,52.6532887936,,68.1874547897,,,,
frame414.jpg,0.1247844696,0.124875927,39.6282335281,52.7781647205,,62.3851316469,,,,
frame415.jpg,0.1227066994,0.1227772713,39.7509402275,52.9009419918,,0,,,,
frame416.jpg,0.1077327251,0.1077992916,39.8586729527,53.0087412834,,0,,,,
frame417.jpg,0.1094828129,0.1095732689,39.9681557655,53.1183145523,,0,,,,
frame418.jpg,0.1161570072,0.1162285328,40.0843127728,53.2345430851,,83.4150923703,,,,
frame419.jpg,0.1171038628,0.1172158718,40.2014166355,53.3517589569,,77.0895159985,,,,
frame420.jpg,0.0992294312,0.0993155003,40.3006460667,53.4510744572,,65.061912895,,,,
frame421.jpg,0.1207696915,0.1210484982,40.4214157581,53.5721229553,,0,,,,
frame422.jpg,0.1067773342,0.1071221828,40.5281930923,53.6792451382,,0,,,,
frame423.jpg,0.1197690964,0.1202161789,40.6479621887,53.7994613171,,0,,,,
frame424.jpg,0.1186964512,0.1189873695,40.7666586399,53.9184486866,,88.7346165983,,,,
frame425.jpg,0.0920650959,0.0923400879,40.8587237358,54.0107887745,,72.5581395349,,,,
frame426.jpg,0.1008591652,0.1011394501,40.959582901,54.1119282246,,69.7440415469,,,,
frame427.jpg,0.0875683308,0.0878400326,41.0471512318,54.1997682571,,0,,,,
frame428.jpg,0.1004060745,0.1006669044,41.1475573063,54.3004351616,,0,,,,
frame429.jpg,0.0868891716,0.0871795177,41.2344464779,54.3876146793,,0,,,,
frame430.jpg,0.0988402367,0.0991238594,41.3332867146,54.4867385387,,69.1641354483,,,,
frame431.jpg,0.089104557,0.0893791199,41.4223912716,54.5761176586,,60.3393183201,,,,
frame432.jpg,0.0976396561,0.0979224682,41.5200309277,54.6740401268,,0,,,,
frame433.jpg,0.0879166603,0.0881840706,41.607947588,54.7622241974,,0,,,,
frame434.jpg,0.096573019,0.0968522549,41.704520607,54.8590764523,,0,,,,
frame435.jpg,0.0866564751,0.0869178295,41.7911770821,54.9459942818,,0,,,,
frame436.jpg,0.1006298065,0.1008945465,41.8918068886,55.0468888283,,0,,,,
frame437.jpg,0.0898541451,0.0901297569,41.9816610336,55.1370185852,,0,,,,
frame438.jpg,0.1138322353,0.1140907764,42.095493269,55.2511093616,,0,,,,
frame439.jpg,0.0910888672,0.0913602352,42.1865821362,55.3424695969,,0,,,,
frame440.jpg,0.0988860607,0.0989510059,42.2854681969,55.4414206028,,0,,,,
frame441.jpg,0.0896590233,0.0897286892,42.3751272202,55.531149292,,0,,,,
frame442.jpg,0.1039871693,0.1040474892,42.4791143894,55.6351967812,,0,,,,
frame443.jpg,0.091393137,0.0914532661,42.5705075264,55.7266500473,,0,,,,
frame444.jpg,0.0993193626,0.0993834972,42.669826889,55.8260335445,,0,,,,
frame445.jpg,0.0896167278,0.0896801472,42.7594436169,55.9157136917,,0,,,,
frame446.jpg,0.1003136635,0.1003720284,42.8597572803,56.0160857201,,0,,,,
frame447.jpg,0.0891035557,0.0891625881,42.948860836,56.1052483082,,0,,,,
frame448.jpg,0.1000163555,0.1000771523,43.0488771915,56.2053254604,,0,,,,
frame449.jpg,0.0937251091,0.0938073635,43.1426023006,56.2991328239,,0,,,,
frame450.jpg,0.1312154293,0.131281662,43.27381773,56.4304144859,,0,,,,
frame451.jpg,0.1305722237,0.1306380272,43.4043899536,56.5610525131,,0,,,,
frame452.jpg,0.0866775036,0.0867389202,43.4910674572,56.6477914333,,0,,,,
frame453.jpg,0.1036744118,0.1039382935,43.594741869,56.7517297268,,0,,,,
frame454.jpg,0.0861646652,0.086231041,43.6809065342,56.8379607677,,0,,,,
frame455.jpg,0.1017661572,0.1018323898,43.7826726913,56.9397931576,,0,,,,
frame456.jpg,0.0891177177,0.089183712,43.8717904091,57.0289768696,,0,,,,
frame457.jpg,0.1010681629,0.1011367321,43.972858572,57.1301136017,,0,,,,
frame458.jpg,0.0933119774,0.0933818817,44.0661705494,57.2234954834,,0,,,,
frame459.jpg,0.0993571281,0.0994225025,44.1655276775,57.3229179859,,0,,,,
frame460.jpg,0.0871904373,0.0872531414,44.2527181149,57.4101711273,,0,,,,
frame461.jpg,0.1022652149,0.1023294926,44.3549833298,57.5125006199,,0,,,,
frame462.jpg,0.087803793,0.0878646851,44.4427871227,57.6003653049,,0,,,,
frame463.jpg,0.1027785778,0.1028441906,44.5455657005,57.7032094955,,0,,,,
frame464.jpg,0.0878599644,0.0879314899,44.6334256649,57.7911409855,,0,,,,
frame465.jpg,0.1024412155,0.1025121212,44.7358668804,57.8936531067,,0,,,,
frame466.jpg,0.0995774269,0.0996936798,44.8354443073,57.9933467865,,0,,,,
frame467.jpg,0.1245559692,0.1246301174,44.9600002766,58.1179769039,,0,,,,
frame468.jpg,0.1251774788,0.1252516747,45.0851777554,58.2432285786,,0,,,,
frame469.jpg,0.1062952995,0.1063656807,45.1914730549,58.3495942593,,0,,,,
frame470.jpg,0.1366234303,0.13672719,45.3280964851,58.4863214493,,0,,,,
frame471.jpg,0.0992928982,0.0993899345,45.4273893833,58.5857113838,,0,,,,
frame472.jpg,0.130859375,0.1309435844,45.5582487583,58.7166549683,,0,,,,
frame473.jpg,0.1187155724,0.118817091,45.6769643307,58.8354720592,,0,,,,
frame474.jpg,0.1159733772,0.1160503387,45.7929377079,58.951522398,,0,,,,
frame475.jpg,0.1135819912,0.1139570713,45.9065196991,59.0654794693,,0,,,,
frame476.jpg,0.1245737553,0.1246616364,46.0310934544,59.1901411057,,0,,,,
frame477.jpg,0.0994519234,0.0995640755,46.1305453777,59.2897051811,,0,,,,
frame478.jpg,0.1201013565,0.1201702595,46.2506467342,59.4098754406,,0,,,,
frame479.jpg,0.1123855591,0.1124551773,46.3630322933,59.5223306179,,0,,,,
frame480.jpg,0.1104082108,0.1107867241,46.4734405041,59.633117342,,0,,,,
frame481.jpg,0.1189512253,0.1193845272,46.5923917294,59.7525018692,,0,,,,
frame482.jpg,0.1182598591,0.1186903954,46.7106515884,59.8711922646,,0,,,,
frame483.jpg,0.1155412674,0.1156359673,46.8261928558,59.9868282318,,0,,,,
frame484.jpg,0.1159945011,0.1160688877,46.9421873569,60.1028971195,,0,,,,
frame485.jpg,0.1144297123,0.1147162437,47.0566170692,60.2176133633,,0,,,,
frame486.jpg,0.1105712414,0.1110085487,47.1671883106,60.328621912,,52.7456647399,,,,
frame487.jpg,0.1154774666,0.1157971382,47.2826657772,60.4444190502,,0,,,,
frame488.jpg,0.118920517,0.1192225933,47.4015862942,60.5636416435,,0,,,,
frame489.jpg,0.1120236874,0.1124581814,47.5136099815,60.6760998249,,0,,,,
frame490.jpg,0.1127491474,0.1130347729,47.626359129,60.7891345978,,0,,,,
frame491.jpg,0.1208114624,0.1212279797,47.7471705914,60.9103625774,,69.1273247496,,,,
frame492.jpg,0.1010515213,0.1014723778,47.8482221127,61.0118349552,,51.5710664387,,,,
frame493.jpg,0.129442215,0.1297390938,47.9776643276,61.141574049,,0,,,,
frame494.jpg,0.1068177223,0.1072746277,48.0844820499,61.2488486767,,0,,,,
frame495.jpg,0.1178815365,0.1183040142,48.2023635864,61.3671526909,,0,,,,
frame496.jpg,0.1161982536,0.1165785789,48.3185618401,61.4837312698,,51.1041009464,,,,
frame497.jpg,0.1184244633,0.118701601,48.4369863033,61.6024328709,,0,,,,
frame498.jpg,0.0996341228,0.0999760628,48.5366204262,61.7024089336,,0,,,,
frame499.jpg,0.0990514755,0.0993166924,48.6356719017,61.801725626,,0,,,,
frame500.jpg,0.100538063,0.1008107185,48.7362099648,61.9025363445,,0,,,,
frame501.jpg,0.0923844337,0.0927783966,48.8285943985,61.9953147411,,32.3220364067,,,,
frame502.jpg,0.1030213833,0.103310585,48.9316157818,62.0986253262,,0,,,,
frame503.jpg,0.085571146,0.0858625889,49.0171869278,62.184487915,,0,,,,
frame504.jpg,0.0990707874,0.099335289,49.1162577152,62.283823204,,0,,,,
frame505.jpg,0.0878979683,0.0881637096,49.2041556835,62.3719869137,,0,,,,
frame506.jpg,0.1022008419,0.1022680759,49.3063565254,62.4742549896,,36.6631243358,,,,
frame507.jpg,0.0865722179,0.0868336201,49.3929287434,62.5610886097,,0,,,,
frame508.jpg,0.0987899303,0.0990515232,49.4917186737,62.6601401329,,0,,,,
frame509.jpg,0.086877346,0.0871273041,49.5785960197,62.747267437,,0,,,,
frame510.jpg,0.0979224205,0.0981734276,49.6765184402,62.8454408646,,0,,,,
frame511.jpg,0.0871510506,0.0874512196,49.7636694908,62.9328920841,,68.7879122091,,,,
frame512.jpg,0.1032552242,0.1035198212,49.866924715,63.0364119053,,36.8174296746,,,,
frame513.jpg,0.0853464603,0.0854127884,49.9522711754,63.1218246937,,0,,,,
frame514.jpg,0.0989411831,0.0992082119,50.0512123585,63.2210329056,,0,,,,
frame515.jpg,0.0851872921,0.0854665756,50.1363996506,63.3064994812,,0,,,,
frame516.jpg,0.0988769054,0.0991693974,50.235276556,63.4056688786,,57.590536474,,,,
frame517.jpg,0.0876152515,0.0876830101,50.3228918076,63.4933518887,,0,,,,
frame518.jpg,0.0996142864,0.099683857,50.422506094,63.5930357456,,0,,,,
frame519.jpg,0.0848086357,0.0848860264,50.5073147297,63.677921772,,0,,,,
frame520.jpg,0.1121834278,0.1122546673,50.6194981575,63.7901764393,,0,,,,
frame521.jpg,0.0877529144,0.0878215313,50.7072510719,63.8779979706,,0,,,,
frame522.jpg,0.1022416592,0.1023114204,50.8094927311,63.980309391,,0,,,,
frame523.jpg,0.0863615513,0.0864314556,50.8958542824,64.0667408466,,0,,,,
frame524.jpg,0.0999733448,0.1002601147,50.9958276272,64.1670009613,,0,,,,
frame525.jpg,0.0859017372,0.0859715462,51.0817293644,64.2529725075,,0,,,,
frame526.jpg,0.1011854172,0.1014801502,51.1829147816,64.3544526577,,62.2477772454,,,,
frame527.jpg,0.0876174927,0.0879184723,51.2705322742,64.44237113,,0,,,,
frame528.jpg,0.1023089886,0.1026702404,51.3728412628,64.5450413704,,0,,,,
frame529.jpg,0.0926291943,0.0926943302,51.4654704571,64.6377357006,,0,,,,
frame530.jpg,0.1102859497,0.1103527546,51.5757564068,64.7480884552,,0,,,,
frame531.jpg,0.0874370575,0.087501812,51.6631934643,64.8355902672,,0,,,,
frame532.jpg,0.1050213337,0.1053043365,51.768214798,64.9408946037,,0,,,,
frame533.jpg,0.0944326878,0.0945064068,51.8626474857,65.0354010105,,0,,,,
frame534.jpg,0.1018512249,0.1019186497,51.9644987106,65.1373196602,,0,,,,
frame535.jpg,0.0870068073,0.0870783329,52.051505518,65.2243979931,,0,,,,
frame536.jpg,0.1068588257,0.1069502831,52.1583643436,65.3313482761,,0,,,,
frame537.jpg,0.0872486591,0.0873157978,52.2456130028,65.4186640739,,0,,,,
frame538.jpg,0.1054170132,0.1054837227,52.3510300159,65.5241477966,,0,,,,
frame539.jpg,0.093338871,0.0934075356,52.4443688869,65.6175553322,,0,,,,
frame540.jpg,0.0924402714,0.092500782,52.5368091583,65.7100561142,,0,,,,
frame541.jpg,0.0866544724,0.0867239952,52.6234636307,65.7967801094,,0,,,,
frame542.jpg,0.0951428413,0.0952112675,52.718606472,65.8919913769,,0,,,,
frame543.jpg,0.0856870174,0.0857589245,52.8042934895,65.9777503014,,0,,,,
frame544.jpg,0.0972676277,0.0973433495,52.9015611172,66.0750936508,,0,,,,
frame545.jpg,0.0877914906,0.0878611088,52.9893526077,66.1629547596,,0,,,,
frame546.jpg,0.0997925758,0.0998655319,53.0891451836,66.2628202915,,0,,,,
frame547.jpg,0.084335041,0.0844104767,53.1734802246,66.3472307682,,0,,,,
frame548.jpg,0.099585104,0.0996555328,53.2730653286,66.446886301,,0,,,,
frame549.jpg,0.0857654095,0.0858412743,53.3588307381,66.5327275753,,0,,,,
frame550.jpg,0.0987932682,0.0988597393,53.4576240063,66.6315873146,,0,,,,
frame551.jpg,0.0819773197,0.0820414066,53.539601326,66.7136287212,,0,,,,
frame552.jpg,0.0993247032,0.0993950844,53.6389260292,66.8130238056,,0,,,,
frame553.jpg,0.0849906445,0.0850562572,53.7239166737,66.8980800629,,0,,,,
frame554.jpg,0.11913414,0.119203949,53.8430508137,67.0172840118,,0,,,,
frame555.jpg,0.1134257317,0.1134974957,53.9564765453,67.1307815075,,0,,,,
frame556.jpg,0.0947174072,0.0947885036,54.0511939526,67.2255700111,,57.4263578738,,,,
frame557.jpg,0.0984386921,0.0985103607,54.1496326447,67.3240803719,,0,,,,
frame558.jpg,0.0876351833,0.0877012253,54.237267828,67.4117815971,,0,,,,
frame559.jpg,0.0948884487,0.0949614048,54.3321562767,67.5067430019,,0,,,,
frame560.jpg,0.0830350876,0.0831129551,54.4151913643,67.589855957,,0,,,,
frame561.jpg,0.0952528,0.0953242779,54.5104441643,67.6851802349,,62.9933774834,,,,
frame562.jpg,0.0856522083,0.0857208729,54.5960963726,67.7709011078,,0,,,,
frame563.jpg,0.097172451,0.0972380638,54.6932688236,67.8681391716,,0,,,,
frame564.jpg,0.0866217136,0.0866961956,54.7798905373,67.9548353672,,0,,,,
frame565.jpg,0.1039946079,0.1040671349,54.8838851452,68.0589025021,,0,,,,
frame566.jpg,0.0893724918,0.0894500256,54.973257637,68.1483525276,,53.3575317604,,,,
frame567.jpg,0.1060175419,0.1060965538,55.0792751789,68.2544490814,,0,,,,
frame568.jpg,0.0922904491,0.0923667908,55.1715656281,68.3468158722,,0,,,,
frame569.jpg,0.1091822147,0.1092571735,55.2807478428,68.4560730457,,0,,,,
frame570.jpg,0.0983116627,0.0983928204,55.3790595055,68.5544658661,,0,,,,
frame571.jpg,0.108112812,0.108180666,55.4871723175,68.6626465321,,0,,,,
frame572.jpg,0.0951148033,0.0951891422,55.5822871208,68.7578356743,,0,,,,
frame573.jpg,0.1070167542,0.107094717,55.689303875,68.8649303913,,0,,,,
frame574.jpg,0.0939530373,0.094029665,55.7832569122,68.9589600563,,0,,,,
frame575.jpg,0.1163627148,0.1166695595,55.899619627,69.0756296158,,0,,,,
frame576.jpg,0.1245646954,0.1249277592,56.0241843224,69.200557375,,0,,,,
frame577.jpg,0.1020471096,0.1023124695,56.126231432,69.3028698444,,0,,,,
frame578.jpg,0.1060247898,0.1063055992,56.2322562218,69.4091754436,,0,,,,
frame579.jpg,0.0958073139,0.0961196423,56.3280635357,69.5052950859,,0,,,,
frame580.jpg,0.1040563583,0.1043388367,56.432119894,69.6096339226,,0,,,,
frame581.jpg,0.0956188679,0.0959028244,56.5277387619,69.705536747,,0,,,,
frame582.jpg,0.1086184502,0.1089184284,56.6363572121,69.8144551754,,0,,,,
frame583.jpg,0.0969231129,0.0969910145,56.7332803249,69.9114461899,,0,,,,
frame584.jpg,0.1061955452,0.1062678814,56.8394758701,70.0177140713,,0,,,,
frame585.jpg,0.1016409874,0.1017107487,56.9411168575,70.1194248199,,0,,,,
frame586.jpg,0.1103027821,0.1103775978,57.0514196396,70.2298024178,,0,,,,
frame587.jpg,0.0957422256,0.0958272457,57.1471618652,70.3256296635,,0,,,,
frame588.jpg,0.1092718601,0.109369278,57.2564337254,70.4349989414,,0,,,,
frame589.jpg,0.0979358196,0.0980070591,57.354369545,70.5330060005,,0,,,,
frame590.jpg,0.1123037338,0.1123678684,57.4666732788,70.6453738689,,0,,,,
frame591.jpg,0.094801712,0.0948750019,57.5614749908,70.7402488708,,0,,,,
frame592.jpg,0.1107215405,0.1107932568,57.6721965313,70.8510421276,,0,,,,
frame593.jpg,0.0955692291,0.0956384659,57.7677657604,70.9466805935,,0,,,,
frame594.jpg,0.1090569019,0.1091262341,57.8768226624,71.0558068275,,0,,,,
frame595.jpg,0.0969263077,0.0972038269,57.97374897,71.1530106544,,0,,,,
frame596.jpg,0.0989692211,0.0992179394,58.0727181911,71.2522285938,,0,,,,
frame597.jpg,0.0868734837,0.087141943,58.1595916748,71.3393705368,,0,,,,
frame598.jpg,0.1037569046,0.1040222168,58.2633485794,71.4433927536,,0,,,,
frame599.jpg,0.0941430569,0.0942030907,58.3574916363,71.5375958443,,0,,,,
frame600.jpg,0.0946558952,0.0947235584,58.4521475315,71.6323194027,,0,,,,
frame601.jpg,0.0894176483,0.0894817829,58.5415651798,71.7218011856,,38.2407839477,,,,
frame602.jpg,0.0984663963,0.0985287666,58.6400315762,71.8203299522,,0,,,,
frame603.jpg,0.0926617146,0.0927242279,58.7326932907,71.9130541801,,0,,,,
frame604.jpg,0.102438879,0.1027038097,58.8351321697,72.0157579899,,31.4699069015,,,,
frame605.jpg,0.0876446247,0.0879284859,58.9227767944,72.1036864758,,0,,,,
frame606.jpg,0.0976325989,0.0979088783,59.0204093933,72.2015953541,,0,,,,
frame607.jpg,0.0866550446,0.0867233753,59.1070644379,72.2883187294,,30.8370218147,,,,
frame608.jpg,0.0978692532,0.0981149197,59.204933691,72.3864336491,,0,,,,
frame609.jpg,0.0863245487,0.0863922596,59.2912582397,72.4728259087,,0,,,,
frame610.jpg,0.0967930317,0.0968597889,59.3880512714,72.5696856976,,41.7882874561,,,,
frame611.jpg,0.0886246204,0.0886857986,59.4766758919,72.6583714962,,0,,,,
frame612.jpg,0.0979774952,0.0980440617,59.5746533871,72.7564155579,,0,,,,
frame613.jpg,0.0872580528,0.0873223305,59.6619114399,72.8437378883,,0,,,,
frame614.jpg,0.0981585503,0.0982228756,59.7600699902,72.9419607639,,0,,,,
frame615.jpg,0.0894590378,0.0895280838,59.8495290279,73.0314888477,,0,,,,
frame616.jpg,0.0993392944,0.0994018555,59.9488683224,73.1308907032,,0,,,,
frame617.jpg,0.0927325249,0.0927968025,60.0416008472,73.2236875057,,0,,,,
frame618.jpg,0.0997901917,0.0998625755,60.1413910389,73.3235500813,,0,,,,
frame619.jpg,0.0875932693,0.0876622677,60.2289843082,73.4112123489,,0,,,,
frame620.jpg,0.0951568127,0.0952251911,60.3241411209,73.5064375401,,0,,,,
frame621.jpg,0.0887115955,0.0887784481,60.4128527164,73.5952159882,,0,,,,
frame622.jpg,0.0987777233,0.0988444805,60.5116304398,73.6940604687,,0,,,,
frame623.jpg,0.0871997356,0.0872641087,60.5988301754,73.7813245773,,0,,,,
frame624.jpg,0.1200661182,0.1201429844,60.7188962936,73.9014675617,,0,,,,
frame625.jpg,0.1293128967,0.1293819427,60.8482091904,74.0308495045,,0,,,,
frame626.jpg,0.1248680115,0.1249537468,60.9730772018,74.1558032513,,0,,,,
frame627.jpg,0.1248764515,0.1249615669,61.0979536533,74.2807648182,,0,,,,
frame628.jpg,0.1319336891,0.1322402,61.2298873425,74.4130050182,,0,,,,
frame629.jpg,0.125331974,0.1254130363,61.3552193165,74.5384180546,,0,,,,
frame630.jpg,0.1430905342,0.1431651115,61.4983098507,74.6815831661,,0,,,,
frame631.jpg,0.156927681,0.157006073,61.6552375317,74.8385892391,,0,,,,
frame632.jpg,0.1310456753,0.1311367035,61.7862832069,74.9697259426,,0,,,,
frame633.jpg,0.1421255112,0.1424641609,61.9284087181,75.1121901035,,0,,,,
frame634.jpg,0.1265046597,0.1265874863,62.0549133778,75.2387775898,,15.4066985646,,,,
frame635.jpg,0.1292461395,0.1293339729,62.1841595173,75.3681115627,,0,,,,
frame636.jpg,0.1336288452,0.1337120056,62.3177883625,75.5018235683,,0,,,,
frame637.jpg,0.1337480068,0.1338328838,62.4515363693,75.6356564522,,0,,,,
frame638.jpg,0.1263745785,0.1264466763,62.5779109478,75.7621031284,,0,,,,
frame639.jpg,0.1269571781,0.12703228,62.7048681259,75.8891354084,,0,,,,
frame640.jpg,0.1291279793,0.1294650078,62.8339961052,76.0186004162,,23.0597964377,,,,
frame641.jpg,0.1242221832,0.124734211,62.9582182884,76.1433346272,,0,,,,
frame642.jpg,0.13058815,0.1306613922,63.0888064384,76.2739960194,,0,,,,
frame643.jpg,0.128523159,0.128605938,63.2173295975,76.4026019573,,0,,,,
frame644.jpg,0.128990078,0.1294304848,63.3463196754,76.5320324421,,0,,,,
frame645.jpg,0.1282866955,0.1286014557,63.4746063709,76.6606338978,,0,,,,
frame646.jpg,0.1270963669,0.1274460793,63.6017027378,76.788079977,,34.771278515,,,,
frame647.jpg,0.1356655598,0.1361805916,63.7373682976,76.9242605686,,0,,,,
frame648.jpg,0.1331850052,0.1335297585,63.8705533028,77.0577903271,,0,,,,
frame649.jpg,0.1274419308,0.1277889729,63.9979952335,77.1855792999,,37.1655328798,,,,
frame650.jpg,0.1279524803,0.1283024788,64.1259477139,77.3138817787,,0,,,,
frame651.jpg,0.1292461872,0.1296094418,64.2551939011,77.4434912205,,0,,,,
frame652.jpg,0.1187768459,0.1190699577,64.373970747,77.5625611782,,35.7622895114,,,,
frame653.jpg,0.1312126637,0.1315377712,64.5051834106,77.6940989494,,0,,,,
frame654.jpg,0.0986739635,0.0987596035,64.6038573742,77.7928585529,,0,,,,
frame655.jpg,0.1240729332,0.1243643284,64.7279303074,77.9172228813,,0,,,,
frame656.jpg,0.1108804703,0.1109602451,64.8388107777,78.0281831264,,0,,,,
frame657.jpg,0.1197355747,0.119803524,64.9585463524,78.1479866505,,0,,,,
frame658.jpg,0.1027411938,0.1028141499,65.0612875462,78.2508008003,,0,,,,
frame659.jpg,0.1232675076,0.1233619213,65.1845550537,78.3741627216,,0,,,,
frame660.jpg,0.1193225384,0.1194097996,65.3038775921,78.4935725212,,0,,,,
frame661.jpg,0.1149884701,0.1152980328,65.4188660622,78.608870554,,0,,,,
frame662.jpg,0.1036390305,0.104074049,65.5225050926,78.712944603,,0,,,,
frame663.jpg,0.1277781487,0.1281813145,65.6502832413,78.8411259174,,0,,,,
frame664.jpg,0.1130198956,0.1133329391,65.7633031368,78.9544588566,,16.7634665756,,,,
frame665.jpg,0.1138673306,0.1142050266,65.8771704674,79.0686638832,,0,,,,
frame666.jpg,0.1123083591,0.1123805523,65.9894788265,79.1810444355,,0,,,,
frame667.jpg,0.1122265339,0.112309742,66.1017053604,79.2933541775,,11.1140099139,,,,
frame668.jpg,0.1094089985,0.1095038414,66.2111143589,79.4028580189,,0,,,,
frame669.jpg,0.1257611752,0.1258545876,66.3368755341,79.5287126064,,0,,,,
frame670.jpg,0.11147542,0.1115485191,66.4483509541,79.6402611256,,16.4203776987,,,,
frame671.jpg,0.1153262615,0.115631628,66.5636772156,79.7558927536,,0,,,,
frame672.jpg,0.1125521183,0.1129635334,66.6762293339,79.868856287,,0,,,,
frame673.jpg,0.1149645805,0.1152626991,66.7911939144,79.9841189861,,19.5386109762,,,,
frame674.jpg,0.110970211,0.1113825798,66.9021641254,80.0955015659,,0,,,,
frame675.jpg,0.1166317463,0.1170180798,67.0187958717,80.2125196457,,0,,,,
frame676.jpg,0.115356636,0.1157709599,67.1341525078,80.3282906055,,21.2096332786,,,,
frame677.jpg,0.113915062,0.1143017769,67.2480675697,80.4425923824,,0,,,,
frame678.jpg,0.1138000488,0.1140910625,67.3618676186,80.556683445,,0,,,,
frame679.jpg,0.1161109924,0.116557169,67.477978611,80.6732406139,,17.7328316087,,,,
frame680.jpg,0.1349219799,0.1352405071,67.6129005909,80.8084811211,,0,,,,
frame681.jpg,0.1016485214,0.102178812,67.7145491123,80.9106599331,,0,,,,
frame682.jpg,0.1195459366,0.12000103,67.8340950489,81.0306609631,,19.1059027778,,,,
frame683.jpg,0.1247097015,0.1250159264,67.9588047504,81.1556768894,,0,,,,
frame684.jpg,0.1097126484,0.1100568295,68.0685173988,81.2657337189,,0,,,,
frame685.jpg,0.0934914589,0.0937755108,68.1620088577,81.3595092297,,15.9095896423,,,,
frame686.jpg,0.1010054588,0.1012866497,68.2630143166,81.4607958794,,4.0506329114,,,,
frame687.jpg,0.0905144691,0.090792942,68.3535287857,81.5515888214,,0,,,,
frame688.jpg,0.1006015301,0.1008893967,68.4541303158,81.6524782181,,6.7567567568,,,,
frame689.jpg,0.0906206608,0.0909035206,68.5447509766,81.7433817387,,0,,,,
frame690.jpg,0.0976035595,0.0978916645,68.6423545361,81.8412734032,,0,,,,
frame691.jpg,0.0909117699,0.0911849022,68.7332663059,81.9324583054,,0,,,,
frame692.jpg,0.1006190777,0.101019907,68.8338853836,82.0334782124,,0,,,,
frame693.jpg,0.0895284176,0.0898580074,68.9234138012,82.1233362198,,0,,,,
frame694.jpg,0.0998576164,0.1001394749,69.0232714176,82.2234756947,,0,,,,
frame695.jpg,0.0892119884,0.0894820213,69.1124834061,82.312957716,,0,,,,
frame696.jpg,0.1034265995,0.1037175655,69.2159100056,82.4166752815,,0,,,,
frame697.jpg,0.0903478622,0.0906447887,69.3062578678,82.5073200703,,0,,,,
frame698.jpg,0.099267292,0.0995436668,69.4055251598,82.6068637371,,0,,,,
frame699.jpg,0.0966762543,0.0969509125,69.5022014141,82.7038146496,,0,,,,
frame700.jpg,0.1011936665,0.1014852524,69.6033950806,82.805299902,,0,,,,
frame701.jpg,0.0893327713,0.089629364,69.6927278519,82.894929266,,0,,,,
frame702.jpg,0.1029565811,0.1032458305,69.795684433,82.9981750965,,0,,,,
frame703.jpg,0.0905098915,0.0907943249,69.8861943245,83.0889694214,,0,,,,
frame704.jpg,0.0995688438,0.0998357773,69.9857631683,83.1888051987,,0,,,,
frame705.jpg,0.0895729065,0.0898622513,70.0753360748,83.27866745,,0,,,,
frame706.jpg,0.1000728607,0.100373745,70.1754089355,83.3790411949,,0,,,,
frame707.jpg,0.0903645515,0.0906417847,70.2657734871,83.4696829796,,0,,,,
frame708.jpg,0.0983643532,0.0986586571,70.3641378403,83.5683416367,,0,,,,
frame709.jpg,0.088792181,0.0891993046,70.4529300213,83.6575409412,,0,,,,
frame710.jpg,0.1037905693,0.1040960789,70.5567205906,83.7616370201,,0,,,,
frame711.jpg,0.0876375675,0.0879175663,70.6443581581,83.8495545864,,0,,,,
frame712.jpg,0.1001012325,0.1003749371,70.7444593906,83.9499295235,,0,,,,
frame713.jpg,0.0955953598,0.095878315,70.8400547504,84.0458078384,,0,,,,
frame714.jpg,0.1015107632,0.1017879963,70.9415655136,84.1475958347,,0,,,,
frame715.jpg,0.0913521767,0.0916392803,71.0329176903,84.2392351151,,0,,,,
frame716.jpg,0.1000628471,0.1003487587,71.1329805374,84.3395838737,,0,,,,
frame717.jpg,0.0925573349,0.0928399563,71.2255378723,84.43242383,,0,,,,
frame718.jpg,0.0998938084,0.1001935959,71.3254316807,84.5326174259,,0,,,,
frame719.jpg,0.0885128498,0.0887812614,71.4139445305,84.6213986874,,0,,,,
frame720.jpg,0.1037564754,0.1040572166,71.5177010059,84.725455904,,0,,,,
frame721.jpg,0.0901800156,0.0904395103,71.6078810215,84.8158954144,,0,,,,
frame722.jpg,0.1008918285,0.1011913776,71.70877285,84.917086792,,0,,,,
frame723.jpg,0.0899068356,0.0902022839,71.7986796856,85.0072890759,,0,,,,
frame724.jpg,0.0997794151,0.1000684261,71.8984591007,85.107357502,,0,,,,
frame725.jpg,0.0901949883,0.0904557705,71.988654089,85.1978132725,,0,,,,
frame726.jpg,0.1055790424,0.1058835506,72.0942331314,85.3036968231,,0,,,,
frame727.jpg,0.114697504,0.1150078773,72.2089306355,85.4187047005,,0,,,,
frame728.jpg,0.1121896744,0.1126828671,72.3211203098,85.5313875675,,0,,,,
frame729.jpg,0.121171093,0.1215111732,72.4422914028,85.6528987408,,0,,,,
frame730.jpg,0.1211779594,0.1215447426,72.5634693623,85.7744434834,,0,,,,
frame731.jpg,0.1243140697,0.1247189522,72.687783432,85.8991624355,,0,,,,
frame732.jpg,0.1208949566,0.1213269234,72.8086783886,86.0204893589,,0,,,,
frame733.jpg,0.1311189175,0.1315411091,72.9397973061,86.152030468,,0,,,,
frame734.jpg,0.1227649689,0.1231884956,73.0625622749,86.2752189636,,0,,,,
frame735.jpg,0.1247356892,0.1250648975,73.1872979641,86.4002838612,,0,,,,
frame736.jpg,0.1204152584,0.1208641529,73.3077132225,86.5211480141,,0,,,,
frame737.jpg,0.1243416309,0.1246871471,73.4320548534,86.6458351612,,0,,,,
frame738.jpg,0.1278877735,0.1282196522,73.559942627,86.7740548134,,0,,,,
frame739.jpg,0.1235127926,0.1240355968,73.6834554195,86.8980904102,,0,,,,
frame740.jpg,0.1238543034,0.124439621,73.8073097229,87.0225300312,,0,,,,
frame741.jpg,0.1289873123,0.1293371201,73.9362970352,87.1518671513,,0,,,,
frame742.jpg,0.1334924221,0.1338672161,74.0697894573,87.2857343674,,0,,,,
frame743.jpg,0.1257474422,0.1260994911,74.1955368996,87.4118338585,,0,,,,
frame744.jpg,0.1123278618,0.1128093243,74.3078647614,87.5246431828,,0,,,,
frame745.jpg,0.1309112549,0.1312342167,74.4387760162,87.6558773994,,0,,,,
frame746.jpg,0.1314648628,0.1315433502,74.5702408791,87.7874207497,,0,,,,
frame747.jpg,0.1138020515,0.1141317844,74.6840429306,87.9015525341,,0,,,,
frame748.jpg,0.1290491581,0.1295278072,74.8130920887,88.0310803413,,0,,,,
frame749.jpg,0.1278796196,0.128222847,74.9409717083,88.1593031883,,0,,,,
frame750.jpg,0.1259963512,0.1267339706,75.0669680595,88.286037159,,0,,,,
frame750.jpg,0.1259963512,0.1269409657,75.0669680595,88.4129781246,,0,,,,
frame751.jpg,0.1290070057,0.129336834,75.1959750652,88.5423149586,,0,,,,
frame752.jpg,0.1274079323,0.1277632236,75.3233829975,88.6700781822,,0,,,,
frame753.jpg,0.1223632336,0.1228676796,75.4457462311,88.7929458618,,0,,,,
frame754.jpg,0.1294260025,0.1295203209,75.5751722336,88.9224661827,,0,,,,
frame755.jpg,0.1115931511,0.1116886616,75.6867653847,89.0341548443,,0,,,,
frame756.jpg,0.1310666561,0.1311692238,75.8178320408,89.1653240681,,0,,,,
frame757.jpg,0.1270346642,0.12711339,75.9448667049,89.292437458,,0,,,,
frame758.jpg,0.1142660618,0.1143508434,76.0591327667,89.4067883015,,0,,,,
frame759.jpg,0.1057857513,0.1058496475,76.1649185181,89.512637949,,0,,,,
frame760.jpg,0.1070156574,0.107085228,76.2719341755,89.619723177,,0,,,,
frame761.jpg,0.0891859055,0.0892575741,76.3611200809,89.708980751,,0,,,,
frame762.jpg,0.1071865082,0.107253027,76.4683065891,89.816233778,,0,,,,
frame763.jpg,0.0963117123,0.0963829517,76.5646183014,89.9126167297,,0,,,,
frame764.jpg,0.1038858414,0.1039578915,76.6685041428,90.0165746212,,0,,,,
frame765.jpg,0.0934232712,0.0934851646,76.7619274139,90.1100597858,,0,,,,
frame766.jpg,0.1057166576,0.1057890415,76.8676440716,90.2158488274,,0,,,,
frame767.jpg,0.0942387581,0.0943092346,76.9618828297,90.310158062,,0,,,,
frame768.jpg,0.105726862,0.1057997704,77.0676096916,90.4159578323,,0,,,,
frame769.jpg,0.093312645,0.0933747768,77.1609223366,90.5093326092,,0,,,,
frame770.jpg,0.1074273109,0.107500124,77.2683496475,90.6168327332,,0,,,,
frame771.jpg,0.0984334469,0.0985071659,77.3667830944,90.7153398991,,0,,,,
frame772.jpg,0.109862709,0.1099308968,77.4766458035,90.8252707958,,0,,,,
frame773.jpg,0.0911894321,0.0912527084,77.5678352356,90.9165235043,,0,,,,
frame774.jpg,0.1066588402,0.1067320824,77.6744940758,91.0232555866,,0,,,,
frame775.jpg,0.0945464611,0.0946218014,77.7690405369,91.117877388,,0,,,,
frame776.jpg,0.1114089489,0.1114767075,77.8804494858,91.2293540955,,0,,,,
frame777.jpg,0.0884949684,0.0885710716,77.9689444542,91.3179251671,,0,,,,
frame778.jpg,0.1058084965,0.1058830261,78.0747529507,91.4238081932,,0,,,,
frame779.jpg,0.0927371025,0.0928098202,78.1674900532,91.5166180134,,0,,,,
frame780.jpg,0.1031003475,0.1031666279,78.2705904007,91.6197846413,,0,,,,
frame781.jpg,0.0938860416,0.0939592838,78.3644764423,91.7137439251,,0,,,,
frame782.jpg,0.1077985764,0.1078696251,78.4722750187,91.8216135502,,0,,,,
frame783.jpg,0.092925787,0.0929952621,78.5652008057,91.9146088123,,0,,,,
frame784.jpg,0.1074986458,0.1075725079,78.6726994514,92.0221813202,,0,,,,
frame785.jpg,0.0939160824,0.0939866066,78.7666155338,92.1161679268,,0,,,,
frame786.jpg,0.1038496017,0.1039223671,78.8704651356,92.2200902939,,0,,,,
frame787.jpg,0.0921708584,0.0922343731,78.962635994,92.312324667,,0,,,,
frame788.jpg,0.1053120613,0.10537467,79.0679480553,92.417699337,,0,,,,
frame789.jpg,0.0882506847,0.0883172512,79.15619874,92.5060165882,,0,,,,
frame790.jpg,0.1060448647,0.1061085224,79.2622436047,92.6121251106,,0,,,,
frame791.jpg,0.0919564724,0.0920224667,79.3542000771,92.7041475773,,0,,,,
frame792.jpg,0.0984161854,0.0984816074,79.4526162624,92.8026291847,,0,,,,
frame793.jpg,0.0894976616,0.0895674229,79.542113924,92.8921966076,,0,,,,
frame794.jpg,0.0990313053,0.0990936756,79.6411452293,92.9912902832,,0,,,,
frame795.jpg,0.0944602966,0.0945250034,79.735605526,93.0858152866,,0,,,,
frame796.jpg,0.0996767998,0.0997429848,79.8352823257,93.1855582714,,0,,,,
frame797.jpg,0.0900547981,0.0901207447,79.9253371239,93.2756790161,,0,,,,
frame798.jpg,0.0994404316,0.0995219707,80.0247775555,93.3752009869,,0,,,,
frame799.jpg,0.0874546051,0.0875153542,80.1122321606,93.462716341,,0,,,,
frame800.jpg,0.0979178905,0.0979870319,80.2101500511,93.560703373,,0,,,,
frame801.jpg,0.0928085804,0.0928826809,80.3029586315,93.6535860538,,0,,,,
frame802.jpg,0.1146636486,0.114730835,80.4176222801,93.7683168888,,0,,,,
frame803.jpg,0.1121446133,0.1122217178,80.5297668934,93.8805386066,,0,,,,
frame804.jpg,0.1237405777,0.1238187313,80.6535074711,94.004357338,,0,,,,
frame805.jpg,0.1258419991,0.1259283066,80.7793494701,94.1302856445,,0,,,,
frame806.jpg,0.1100907326,0.1101728439,80.8894402027,94.2404584885,,0,,,,
frame807.jpg,0.1135711193,0.1136497021,81.003011322,94.3541081905,,0,,,,
frame808.jpg,0.1215037823,0.1215937614,81.1245151043,94.475701952,,0,,,,
frame809.jpg,0.1205645561,0.1206627846,81.2450796604,94.5963647366,,0,,,,
frame810.jpg,0.10082407,0.1009160995,81.3459037304,94.6972808361,,0,,,,
frame811.jpg,0.1237914085,0.1238887787,81.4696951389,94.8211696148,,0,,,,
frame812.jpg,0.0995753765,0.0996798515,81.5692705154,94.9208494663,,0,,,,
frame813.jpg,0.1296883106,0.1297574997,81.6989588261,95.050606966,,0,,,,
frame814.jpg,0.0999847412,0.1000770092,81.7989435673,95.1506839752,,0,,,,
frame815.jpg,0.1182386875,0.1183097363,81.9171822548,95.2689937115,,0,,,,
frame816.jpg,0.1141983986,0.1142942905,82.0313806534,95.383288002,,0,,,,
frame817.jpg,0.1185244083,0.1186064243,82.1499050617,95.5018944263,,0,,,,
frame818.jpg,0.1155891418,0.115661478,82.2654942036,95.6175559044,,0,,,,
frame819.jpg,0.11784091,0.1179248333,82.3833351135,95.7354807377,,0,,,,
frame820.jpg,0.1119861126,0.1120812416,82.4953212261,95.8475619793,,0,,,,
frame821.jpg,0.1143607616,0.1144489765,82.6096819878,95.9620109558,,0,,,,
frame822.jpg,0.1140637875,0.1141342163,82.7237457752,96.0761451721,,0,,,,
frame823.jpg,0.1101383686,0.110229826,82.8338841438,96.1863749981,,0,,,,
frame824.jpg,0.1193612576,0.1194320202,82.9532454014,96.3058070183,,0,,,,
frame825.jpg,0.1397437572,0.1398239613,83.0929891586,96.4456309795,,0,,,,
frame826.jpg,0.0994114399,0.0994908333,83.1924005985,96.5451218128,,0,,,,
frame827.jpg,0.1269742012,0.1270439148,83.3193747997,96.6721657276,,0,,,,
frame828.jpg,0.1048230648,0.1048976898,83.4241978645,96.7770634174,,0,,,,
frame829.jpg,0.1275446415,0.1276195049,83.551742506,96.9046829224,,0,,,,
frame830.jpg,0.1084039688,0.1084832668,83.6601464748,97.0131661892,,0,,,,
frame831.jpg,0.1270575047,0.1271390438,83.7872039795,97.140305233,,0,,,,
frame832.jpg,0.1197886944,0.1198787689,83.9069926739,97.2601840019,,0,,,,
frame833.jpg,0.1169241905,0.1170012474,84.0239168644,97.3771852493,,0,,,,
frame834.jpg,0.0861435413,0.0862077236,84.1100604057,97.4633929729,,0,,,,
frame835.jpg,0.1003100872,0.1003770828,84.2103704929,97.5637700558,,0,,,,
frame836.jpg,0.0908768654,0.0909453869,84.3012473583,97.6547154427,,0,,,,
frame837.jpg,0.100221014,0.1002902031,84.4014683723,97.7550056458,,0,,,,
frame838.jpg,0.0843134403,0.0843760014,84.4857818127,97.8393816471,,0,,,,
frame839.jpg,0.1006292343,0.1006942272,84.586411047,97.9400758743,,0,,,,
frame840.jpg,0.0868423462,0.0869147301,84.6732533932,98.0269906044,,0,,,,
frame841.jpg,0.09979949,0.0998716354,84.7730528831,98.1268622398,,0,,,,
frame842.jpg,0.0873413563,0.0874103069,84.8603942394,98.2142725468,,0,,,,
frame843.jpg,0.1030477047,0.1031123638,84.9634419441,98.3173849106,,0,,,,
frame844.jpg,0.0872319698,0.0872970104,85.050673914,98.404681921,,0,,,,
frame845.jpg,0.1007301331,0.1008159637,85.151404047,98.5054978848,,0,,,,
frame846.jpg,0.0853645802,0.085430336,85.2367686272,98.5909282207,,0,,,,
frame847.jpg,0.1003415108,0.1004219532,85.3371101379,98.691350174,,53.6216216216,,,,
frame848.jpg,0.0835766792,0.0836421013,85.4206868172,98.7749922752,,51.446352426,,,,
frame849.jpg,0.1078906536,0.1079519749,85.5285774708,98.8829442501,,53.3364333876,,,,
frame850.jpg,0.0838160038,0.0838759422,85.6123934746,98.9668201923,,54.4236544237,,,,
frame851.jpg,0.1010075092,0.1010774612,85.7134009838,99.0678976536,,54.7397769517,,,,
frame852.jpg,0.0857055664,0.085771513,85.7991065502,99.1536691666,,56.3373718546,,,,
frame853.jpg,0.1034017563,0.1034638882,85.9025083065,99.2571330547,,56.3373718546,,,,
frame854.jpg,0.0854620457,0.0855280399,85.9879703522,99.3426610947,,56.6674478556,,,,
frame855.jpg,0.0988348961,0.0989063263,86.0868052483,99.441567421,,57.5508746876,,,,
frame856.jpg,0.0870043278,0.0870706081,86.173809576,99.5286380291,,57.888436677,,,,
frame857.jpg,0.0971403599,0.0972081661,86.2709499359,99.6258461952,,58.4216725559,,,,
frame858.jpg,0.0867059708,0.0867710114,86.3576559067,99.7126172066,,0,,,,
frame859.jpg,0.1010881901,0.101156044,86.4587440968,99.8137732506,,0,,,,
frame860.jpg,0.0890775681,0.0891459942,86.5478216648,99.9029192448,,0,,,,
frame861.jpg,0.1014077663,0.1016593933,86.6492294312,100.0045786381,,0,,,,
frame862.jpg,0.0893922806,0.0896383286,86.7386217117,100.0942169666,,0,,,,
frame863.jpg,0.1009532452,0.1012176514,86.8395749569,100.195434618,,0,,,,
frame864.jpg,0.0862130165,0.0865046501,86.9257879734,100.2819392681,,0,,,,
frame865.jpg,0.1075365067,0.1078172684,87.0333244801,100.3897565365,,0,,,,
frame866.jpg,0.0859417915,0.0860027313,87.1192662716,100.4757592678,,0,,,,
frame867.jpg,0.102017498,0.102084446,87.2212837696,100.5778437138,,0,,,,
frame868.jpg,0.0852650166,0.0853323936,87.3065487862,100.6631761074,,0,,,,
frame869.jpg,0.0997658253,0.0998309612,87.4063146114,100.7630070686,,0,,,,
frame870.jpg,0.0935599804,0.093620348,87.4998745918,100.8566274166,,0,,,,
frame871.jpg,0.0995891571,0.0996539593,87.5994637489,100.9562813759,,0,,,,
frame872.jpg,0.0858520985,0.0859171867,87.6853158474,101.0421985626,,0,,,,
frame873.jpg,0.1010887623,0.1011551857,87.7864046097,101.1433537483,,0,,,,
frame874.jpg,0.0869467258,0.0870158195,87.8733513355,101.2303695679,,0,,,,
frame875.jpg,0.1006236553,0.1006907463,87.9739749908,101.3310603142,,0,,,,
frame876.jpg,0.0970033646,0.0970788479,88.0709783554,101.4281391621,,0,,,,
frame877.jpg,0.1271439075,0.1272208214,88.198122263,101.5553599834,,0,,,,
frame878.jpg,0.1104598999,0.1105426788,88.3085821629,101.6659026623,,0,,,,
frame879.jpg,0.1230916023,0.1233888626,88.4316737652,101.7892915249,,0,,,,
frame880.jpg,0.1081943035,0.1085838795,88.5398680687,101.8978754044,,0,,,,
frame881.jpg,0.1215761662,0.121982193,88.6614442348,102.0198575974,,0,,,,
frame882.jpg,0.1191601276,0.119453764,88.7806043625,102.1393113613,,0,,,,
frame883.jpg,0.102477932,0.1029180527,88.8830822945,102.242229414,,0,,,,
frame884.jpg,0.123976469,0.1243775845,89.0070587635,102.3666069984,,0,,,,
frame885.jpg,0.1182026386,0.1185163975,89.1252614021,102.4851233959,,0,,,,
frame886.jpg,0.1047393322,0.1050363541,89.2300007343,102.59015975,,0,,,,
frame887.jpg,0.1214802742,0.1217862129,89.3514810085,102.7119459629,,0,,,,
frame888.jpg,0.1154844284,0.115793705,89.4669654369,102.8277396679,,0,,,,
frame889.jpg,0.1004450321,0.1007819176,89.5674104691,102.9285215855,,0,,,,
frame890.jpg,0.1260381699,0.1261082172,89.6934486389,103.0546298027,,0,,,,
frame891.jpg,0.1178751945,0.1179542542,89.8113238335,103.1725840569,,0,,,,
frame892.jpg,0.1139548302,0.1140381813,89.9252786636,103.2866222382,,0,,,,
frame893.jpg,0.123093462,0.123167038,90.0483721256,103.4097892761,,0,,,,
frame894.jpg,0.1135179996,0.1135923862,90.1618901253,103.5233816624,,0,,,,
frame895.jpg,0.1235052586,0.123576498,90.2853953838,103.6469581604,,0,,,,
frame896.jpg,0.1135640621,0.1136574268,90.398959446,103.7606155872,,0,,,,
frame897.jpg,0.1192906857,0.1193570137,90.5182501316,103.8799726009,,0,,,,
frame898.jpg,0.1155807972,0.1156635761,90.6338309288,103.9956361771,,0,,,,
frame899.jpg,0.1216358662,0.1216985226,90.755466795,104.1173346996,,0,,,,
frame900.jpg,0.1140571594,0.1141374111,90.8695239544,104.2314721107,,0,,,,
frame901.jpg,0.1177941322,0.1178646088,90.9873180866,104.3493367195,,0,,,,
frame902.jpg,0.1126141548,0.1126959801,91.0999322414,104.4620326996,,0,,,,
frame903.jpg,0.1167788982,0.1168437958,91.2167111397,104.5788764954,,0,,,,
frame904.jpg,0.1217694759,0.1218484879,91.3384806156,104.7007249832,,0,,,,
frame905.jpg,0.115816927,0.1158984661,91.4542975426,104.8166234493,,0,,,,
frame906.jpg,0.1154689789,0.1155416489,91.5697665215,104.9321650982,,0,,,,
frame907.jpg,0.116129303,0.1162175655,91.6858958244,105.0483826637,,0,,,,
frame908.jpg,0.11242733,0.1124979019,91.7983231544,105.1608805656,,0,,,,
frame909.jpg,0.09271245,0.0927807331,91.8910356045,105.2536612988,,0,,,,
frame910.jpg,0.0993833065,0.0994570255,91.990418911,105.3531183243,,42.4754510162,,,,
frame911.jpg,0.0883208752,0.0885972977,92.0787397861,105.4417156219,,0,,,,
frame912.jpg,0.1004440784,0.1007271767,92.1791838646,105.5424427986,,43.8852997847,,,,
frame913.jpg,0.0897542,0.0898226261,92.2689380646,105.6322654247,,0,,,,
frame914.jpg,0.1003736019,0.10044384,92.3693116665,105.7327092648,,41.3149711239,,,,
frame915.jpg,0.0892884254,0.0895386696,92.4586000919,105.8222479343,,0,,,,
frame916.jpg,0.1007591248,0.1010117054,92.5593592167,105.9232596397,,39.6860986547,,,,
frame917.jpg,0.0903533936,0.0904145241,92.6497126102,106.0136741638,,0,,,,
frame918.jpg,0.10368433,0.1039662361,92.7533969402,106.1176403999,,38.7959139318,,,,
frame919.jpg,0.0900510788,0.0903151512,92.843448019,106.2079555511,,0,,,,
frame920.jpg,0.1039167881,0.1041794777,92.9473648071,106.3121350288,,38.8433318947,,,,
frame921.jpg,0.0888608456,0.0891288757,93.0362256527,106.4012639046,,0,,,,
frame922.jpg,0.0950273037,0.0953017712,93.1312529564,106.4965656757,,37.9502572899,,,,
frame923.jpg,0.0869625568,0.0870281696,93.2182155132,106.5835938454,,0,,,,
frame924.jpg,0.1069059849,0.1069667339,93.3251214981,106.6905605793,,36.7884636235,,,,
frame925.jpg,0.0920403004,0.0921066761,93.4171617985,106.7826672554,,0,,,,
frame926.jpg,0.0973385811,0.0976089478,93.5145003796,106.8802762032,,36.85117381,,,,
frame927.jpg,0.0895067692,0.0897716999,93.6040071487,106.9700479031,,0,,,,
frame928.jpg,0.0986254215,0.0986892223,93.7026325703,107.0687371254,,36.3501168472,,,,
frame929.jpg,0.0898905754,0.089960289,93.7925231457,107.1586974144,,0,,,,
frame930.jpg,0.1003656864,0.1008266449,93.8928888321,107.2595240593,,36.3501168472,,,,
frame930.jpg,0.1003656864,0.1009753227,93.8928888321,107.360499382,,0,,,,
frame931.jpg,0.086563158,0.0869954586,93.9794519901,107.4474948406,,36.6431504686,,,,
frame931.jpg,0.086563158,0.0871355057,93.9794519901,107.5346303463,,0,,,,
frame932.jpg,0.098196125,0.0982617378,94.0776481152,107.6328920841,,34.7682119205,,,,
frame933.jpg,0.0885588169,0.0888239384,94.1662069321,107.7217160225,,0,,,,
frame934.jpg,0.1023043633,0.1025632381,94.2685112953,107.8242792606,,35.7357357357,,,,
frame935.jpg,0.0867950439,0.0868727207,94.3553063393,107.9111519814,,0,,,,
frame936.jpg,0.0972289085,0.0973023891,94.4525352478,108.0084543705,,36.7851944271,,,,
frame937.jpg,0.0872816563,0.0873539448,94.5398169041,108.0958083153,,0,,,,
frame938.jpg,0.1012223244,0.1015359879,94.6410392284,108.1973443031,,35.4812398042,,,,
frame939.jpg,0.0872316837,0.0873086452,94.7282709122,108.2846529484,,0,,,,
frame940.jpg,0.098763752,0.0988497257,94.8270346642,108.3835026741,,34.5463970969,,,,
frame941.jpg,0.0906910419,0.0907619953,94.9177257061,108.4742646694,,0,,,,
frame942.jpg,0.0959518433,0.0962334633,95.0136775494,108.5704981327,,34.1569316655,,,,
frame943.jpg,0.0883963108,0.0886917591,95.1020738602,108.6591898918,,0,,,,
frame944.jpg,0.0980783463,0.0984993458,95.2001522064,108.7576892376,,32.3846310226,,,,
frame944.jpg,0.0980783463,0.0986420155,95.2001522064,108.8563312531,,0,,,,
frame945.jpg,0.0923525333,0.0926546574,95.2925047398,108.9489859104,,33.9917695473,,,,
frame946.jpg,0.1019908428,0.102301693,95.3944955826,109.0512876034,,0,,,,
frame947.jpg,0.0877266884,0.0881762505,95.482222271,109.1394638538,,33.2650553052,,,,
frame947.jpg,0.0877266884,0.0883194923,95.482222271,109.2277833462,,0,,,,
frame948.jpg,0.0999497414,0.1002480507,95.5821720123,109.3280313969,,33.3197721725,,,,
frame949.jpg,0.0882480621,0.0883129597,95.6704200745,109.4163443565,,0,,,,
frame950.jpg,0.1038514614,0.1039315224,95.7742715359,109.5202758789,,39.0797352663,,,,
frame951.jpg,0.1117317677,0.1122724056,95.8860033035,109.6325482845,,0,,,,
frame951.jpg,0.1117317677,0.1124381542,95.8860033035,109.7449864388,,38.5492227979,,,,
frame952.jpg,0.1116476536,0.1123539448,95.9976509571,109.8573403835,,0,,,,
frame952.jpg,0.1116476536,0.1128489017,95.9976509571,109.9701892853,,39.6927016645,,,,
frame953.jpg,0.118540287,0.1193274498,96.1161912441,110.0895167351,,0,,,,
frame953.jpg,0.118540287,0.1195418835,96.1161912441,110.2090586185,,38.9528795812,,,,
frame954.jpg,0.1110447884,0.1111451626,96.2272360325,110.3202037811,,0,,,,
frame955.jpg,0.1147747517,0.1152980804,96.3420107841,110.4355018616,,39.3650793651,,,,
frame955.jpg,0.1147747517,0.1154561996,96.3420107841,110.5509580612,,0,,,,
frame956.jpg,0.1167495251,0.1171952248,96.4587603092,110.668153286,,37.8685762426,,,,
frame957.jpg,0.1228434086,0.1231659889,96.5816037178,110.7913192749,,0,,,,
frame958.jpg,0.1132757187,0.1135727406,96.6948794365,110.9048920155,,36.9806663924,,,,
frame959.jpg,0.1162791729,0.1166006088,96.8111586094,111.0214926243,,0,,,,
frame960.jpg,0.117664814,0.1179868698,96.9288234234,111.1394794941,,38.6373078521,,,,
frame961.jpg,0.1001965523,0.1002830982,97.0290199757,111.2397625923,,0,,,,
frame962.jpg,0.121894598,0.1223011494,97.1509145737,111.3620637417,,37.7572448551,,,,
frame963.jpg,0.1192983627,0.1196074009,97.2702129364,111.4816711426,,0,,,,
frame964.jpg,0.1129034519,0.1136726379,97.3831163883,111.5953437805,,36.5781710914,,,,
frame964.jpg,0.1129034519,0.1138363838,97.3831163883,111.7091801643,,0,,,,
frame964.jpg,0.1129034519,0.11402421,97.3831163883,111.8232043743,,37.6741749607,,,,
frame965.jpg,0.1190757751,0.1201643467,97.5021921635,111.943368721,,0,,,,
frame965.jpg,0.1190757751,0.1203661919,97.5021921635,112.0637349129,,37.8048780488,,,,
frame965.jpg,0.1190757751,0.1205766201,97.5021921635,112.184311533,,0,,,,
frame966.jpg,0.1135043621,0.1138264179,97.6156965256,112.2981379509,,40.7808190112,,,,
frame967.jpg,0.1181417465,0.1186012268,97.7338382721,112.4167391777,,0,,,,
frame968.jpg,0.1168486118,0.1173535824,97.8506868839,112.5340927601,,44.2091616249,,,,
frame968.jpg,0.1168486118,0.1175178051,97.8506868839,112.6516105652,,0,,,,
frame969.jpg,0.118682003,0.1189815998,97.9693688869,112.770592165,,44.1043328304,,,,
frame970.jpg,0.1140419483,0.1141141415,98.0834108353,112.8847063065,,0,,,,
frame971.jpg,0.1204414368,0.1205379009,98.203852272,113.0052442074,,46.8530713592,,,,
frame972.jpg,0.1157882214,0.1158735752,98.3196404934,113.1211177826,,0,,,,
frame973.jpg,0.1176078796,0.1176795483,98.437248373,113.2387973309,,48.5745375408,,,,
frame974.jpg,0.1155108929,0.1155864239,98.5527592659,113.3543837547,,0,,,,
frame975.jpg,0.1135922909,0.1136958122,98.6663515568,113.468079567,,49.5669553631,,,,
frame976.jpg,0.1182592869,0.1183373451,98.7846108437,113.5864169121,,0,,,,
frame977.jpg,0.1108371735,0.1109210968,98.8954480171,113.6973380089,,42.756943795,,,,
frame978.jpg,0.1149127483,0.1150167465,99.0103607655,113.8123547554,,0,,,,
frame979.jpg,0.1269458771,0.127268219,99.1373066425,113.9396229744,,45.6923376118,,,,
frame980.jpg,0.1047365665,0.1051520824,99.2420432091,114.0447750568,,0,,,,
frame981.jpg,0.1227385998,0.1231743336,99.3647818089,114.1679493904,,46.8962075848,,,,
frame982.jpg,0.1127290726,0.1134304047,99.4775108814,114.2813797951,,0,,,,
frame982.jpg,0.1127290726,0.1136226177,99.4775108814,114.3950024128,,49.3556570269,,,,
frame983.jpg,0.1005845547,0.1010931015,99.5780954361,114.4960955143,,0,,,,
frame983.jpg,0.1005845547,0.1012360573,99.5780954361,114.5973315716,,44.4973012533,,,,
frame984.jpg,0.1120381355,0.1124467373,99.6901335716,114.7097783089,,0,,,,
frame985.jpg,0.0931051731,0.0933835983,99.7832387447,114.8031619072,,49.3650644342,,,,
frame986.jpg,0.0997667789,0.0998343945,99.8830055237,114.9029963017,,0,,,,
frame987.jpg,0.0886060715,0.08890028,99.9716115952,114.9918965817,,51.8129678235,,,,
frame988.jpg,0.1054337502,0.1055030346,100.0770453453,115.0973996162,,0,,,,
frame989.jpg,0.0915361404,0.0916270256,100.1685814857,115.1890266418,,54.4584081388,,,,
frame990.jpg,0.0987267017,0.0987909794,100.2673081875,115.2878176212,,0,,,,
frame991.jpg,0.0904165745,0.0904886723,100.357724762,115.3783062935,,58.5645541108,,,,
frame992.jpg,0.0972200871,0.0975075722,100.454944849,115.4758138657,,0,,,,
frame993.jpg,0.0926559448,0.0927270889,100.5476007938,115.5685409546,,58.0416032471,,,,
frame994.jpg,0.0995835304,0.0996542931,100.6471843243,115.6681952477,,0,,,,
frame995.jpg,0.0894048691,0.0894747734,100.7365891933,115.7576700211,,56.7570311707,,,,
frame996.jpg,0.0994699955,0.0995384216,100.8360591888,115.8572084427,,0,,,,
frame997.jpg,0.0907569885,0.0908236027,100.9268161774,115.9480320454,,0,,,,
frame998.jpg,0.1072410107,0.1075017452,101.034057188,116.0555337906,,0,,,,
frame999.jpg,0.0900696278,0.09038167,101.1241268158,116.1459154606,,0,,,,
